OFNS_DESC,CMPLNT_NUM,CMPLNT_FR_DT
ABORTION,1,04/01/2018 12:00:00 AM
ADMINISTRATIVE CODE,79,01/01/2018 12:00:00 AM
ADMINISTRATIVE CODE,76,02/01/2018 12:00:00 AM
ADMINISTRATIVE CODE,86,03/01/2018 12:00:00 AM
ADMINISTRATIVE CODE,85,04/01/2018 12:00:00 AM
ADMINISTRATIVE CODE,87,05/01/2018 12:00:00 AM
ADMINISTRATIVE CODE,70,06/01/2018 12:00:00 AM
ADMINISTRATIVE CODE,90,07/01/2018 12:00:00 AM
ADMINISTRATIVE CODE,94,08/01/2018 12:00:00 AM
ADMINISTRATIVE CODE,95,09/01/2018 12:00:00 AM
ADMINISTRATIVE CODE,103,10/01/2018 12:00:00 AM
ADMINISTRATIVE CODE,103,11/01/2018 12:00:00 AM
ADMINISTRATIVE CODE,101,12/01/2018 12:00:00 AM
ADMINISTRATIVE CODE,67,01/01/2019 12:00:00 AM
ADMINISTRATIVE CODE,81,02/01/2019 12:00:00 AM
ADMINISTRATIVE CODE,94,03/01/2019 12:00:00 AM
ADMINISTRATIVE CODE,83,04/01/2019 12:00:00 AM
ADMINISTRATIVE CODE,93,05/01/2019 12:00:00 AM
ADMINISTRATIVE CODE,99,06/01/2019 12:00:00 AM
ADMINISTRATIVE CODE,94,07/01/2019 12:00:00 AM
ADMINISTRATIVE CODE,103,08/01/2019 12:00:00 AM
ADMINISTRATIVE CODE,95,09/01/2019 12:00:00 AM
ADMINISTRATIVE CODE,93,10/01/2019 12:00:00 AM
ADMINISTRATIVE CODE,104,11/01/2019 12:00:00 AM
ADMINISTRATIVE CODE,89,12/01/2019 12:00:00 AM
AGRICULTURE & MRKTS LAW-UNCLASSIFIED,13,01/01/2018 12:00:00 AM
AGRICULTURE & MRKTS LAW-UNCLASSIFIED,8,02/01/2018 12:00:00 AM
AGRICULTURE & MRKTS LAW-UNCLASSIFIED,14,03/01/2018 12:00:00 AM
AGRICULTURE & MRKTS LAW-UNCLASSIFIED,11,04/01/2018 12:00:00 AM
AGRICULTURE & MRKTS LAW-UNCLASSIFIED,8,05/01/2018 12:00:00 AM
AGRICULTURE & MRKTS LAW-UNCLASSIFIED,11,06/01/2018 12:00:00 AM
AGRICULTURE & MRKTS LAW-UNCLASSIFIED,14,07/01/2018 12:00:00 AM
AGRICULTURE & MRKTS LAW-UNCLASSIFIED,19,08/01/2018 12:00:00 AM
AGRICULTURE & MRKTS LAW-UNCLASSIFIED,17,09/01/2018 12:00:00 AM
AGRICULTURE & MRKTS LAW-UNCLASSIFIED,7,10/01/2018 12:00:00 AM
AGRICULTURE & MRKTS LAW-UNCLASSIFIED,9,11/01/2018 12:00:00 AM
AGRICULTURE & MRKTS LAW-UNCLASSIFIED,16,12/01/2018 12:00:00 AM
AGRICULTURE & MRKTS LAW-UNCLASSIFIED,12,01/01/2019 12:00:00 AM
AGRICULTURE & MRKTS LAW-UNCLASSIFIED,9,02/01/2019 12:00:00 AM
AGRICULTURE & MRKTS LAW-UNCLASSIFIED,10,03/01/2019 12:00:00 AM
AGRICULTURE & MRKTS LAW-UNCLASSIFIED,14,04/01/2019 12:00:00 AM
AGRICULTURE & MRKTS LAW-UNCLASSIFIED,10,05/01/2019 12:00:00 AM
AGRICULTURE & MRKTS LAW-UNCLASSIFIED,7,06/01/2019 12:00:00 AM
AGRICULTURE & MRKTS LAW-UNCLASSIFIED,13,07/01/2019 12:00:00 AM
AGRICULTURE & MRKTS LAW-UNCLASSIFIED,9,08/01/2019 12:00:00 AM
AGRICULTURE & MRKTS LAW-UNCLASSIFIED,13,09/01/2019 12:00:00 AM
AGRICULTURE & MRKTS LAW-UNCLASSIFIED,14,10/01/2019 12:00:00 AM
AGRICULTURE & MRKTS LAW-UNCLASSIFIED,5,11/01/2019 12:00:00 AM
AGRICULTURE & MRKTS LAW-UNCLASSIFIED,12,12/01/2019 12:00:00 AM
ALCOHOLIC BEVERAGE CONTROL LAW,8,01/01/2018 12:00:00 AM
ALCOHOLIC BEVERAGE CONTROL LAW,6,02/01/2018 12:00:00 AM
ALCOHOLIC BEVERAGE CONTROL LAW,6,03/01/2018 12:00:00 AM
ALCOHOLIC BEVERAGE CONTROL LAW,8,04/01/2018 12:00:00 AM
ALCOHOLIC BEVERAGE CONTROL LAW,2,05/01/2018 12:00:00 AM
ALCOHOLIC BEVERAGE CONTROL LAW,13,06/01/2018 12:00:00 AM
ALCOHOLIC BEVERAGE CONTROL LAW,18,07/01/2018 12:00:00 AM
ALCOHOLIC BEVERAGE CONTROL LAW,9,08/01/2018 12:00:00 AM
ALCOHOLIC BEVERAGE CONTROL LAW,8,09/01/2018 12:00:00 AM
ALCOHOLIC BEVERAGE CONTROL LAW,5,10/01/2018 12:00:00 AM
ALCOHOLIC BEVERAGE CONTROL LAW,7,11/01/2018 12:00:00 AM
ALCOHOLIC BEVERAGE CONTROL LAW,11,12/01/2018 12:00:00 AM
ALCOHOLIC BEVERAGE CONTROL LAW,7,01/01/2019 12:00:00 AM
ALCOHOLIC BEVERAGE CONTROL LAW,17,02/01/2019 12:00:00 AM
ALCOHOLIC BEVERAGE CONTROL LAW,8,03/01/2019 12:00:00 AM
ALCOHOLIC BEVERAGE CONTROL LAW,8,04/01/2019 12:00:00 AM
ALCOHOLIC BEVERAGE CONTROL LAW,6,05/01/2019 12:00:00 AM
ALCOHOLIC BEVERAGE CONTROL LAW,14,06/01/2019 12:00:00 AM
ALCOHOLIC BEVERAGE CONTROL LAW,16,07/01/2019 12:00:00 AM
ALCOHOLIC BEVERAGE CONTROL LAW,16,08/01/2019 12:00:00 AM
ALCOHOLIC BEVERAGE CONTROL LAW,8,09/01/2019 12:00:00 AM
ALCOHOLIC BEVERAGE CONTROL LAW,7,10/01/2019 12:00:00 AM
ALCOHOLIC BEVERAGE CONTROL LAW,5,11/01/2019 12:00:00 AM
ALCOHOLIC BEVERAGE CONTROL LAW,3,12/01/2019 12:00:00 AM
ANTICIPATORY OFFENSES,1,05/01/2018 12:00:00 AM
ANTICIPATORY OFFENSES,1,06/01/2018 12:00:00 AM
ANTICIPATORY OFFENSES,2,07/01/2018 12:00:00 AM
ANTICIPATORY OFFENSES,1,10/01/2018 12:00:00 AM
ANTICIPATORY OFFENSES,1,11/01/2018 12:00:00 AM
ANTICIPATORY OFFENSES,1,01/01/2019 12:00:00 AM
ANTICIPATORY OFFENSES,1,02/01/2019 12:00:00 AM
ANTICIPATORY OFFENSES,1,03/01/2019 12:00:00 AM
ANTICIPATORY OFFENSES,1,04/01/2019 12:00:00 AM
ANTICIPATORY OFFENSES,1,08/01/2019 12:00:00 AM
ANTICIPATORY OFFENSES,4,12/01/2019 12:00:00 AM
ARSON,69,01/01/2018 12:00:00 AM
ARSON,73,02/01/2018 12:00:00 AM
ARSON,57,03/01/2018 12:00:00 AM
ARSON,61,04/01/2018 12:00:00 AM
ARSON,66,05/01/2018 12:00:00 AM
ARSON,67,06/01/2018 12:00:00 AM
ARSON,59,07/01/2018 12:00:00 AM
ARSON,56,08/01/2018 12:00:00 AM
ARSON,76,09/01/2018 12:00:00 AM
ARSON,46,10/01/2018 12:00:00 AM
ARSON,59,11/01/2018 12:00:00 AM
ARSON,88,12/01/2018 12:00:00 AM
ARSON,50,01/01/2019 12:00:00 AM
ARSON,49,02/01/2019 12:00:00 AM
ARSON,54,03/01/2019 12:00:00 AM
ARSON,51,04/01/2019 12:00:00 AM
ARSON,47,05/01/2019 12:00:00 AM
ARSON,62,06/01/2019 12:00:00 AM
ARSON,79,07/01/2019 12:00:00 AM
ARSON,55,08/01/2019 12:00:00 AM
ARSON,57,09/01/2019 12:00:00 AM
ARSON,65,10/01/2019 12:00:00 AM
ARSON,72,11/01/2019 12:00:00 AM
ARSON,54,12/01/2019 12:00:00 AM
ASSAULT 3 & RELATED OFFENSES,4073,01/01/2018 12:00:00 AM
ASSAULT 3 & RELATED OFFENSES,3936,02/01/2018 12:00:00 AM
ASSAULT 3 & RELATED OFFENSES,4379,03/01/2018 12:00:00 AM
ASSAULT 3 & RELATED OFFENSES,4339,04/01/2018 12:00:00 AM
ASSAULT 3 & RELATED OFFENSES,4928,05/01/2018 12:00:00 AM
ASSAULT 3 & RELATED OFFENSES,4813,06/01/2018 12:00:00 AM
ASSAULT 3 & RELATED OFFENSES,4976,07/01/2018 12:00:00 AM
ASSAULT 3 & RELATED OFFENSES,4695,08/01/2018 12:00:00 AM
ASSAULT 3 & RELATED OFFENSES,4665,09/01/2018 12:00:00 AM
ASSAULT 3 & RELATED OFFENSES,4446,10/01/2018 12:00:00 AM
ASSAULT 3 & RELATED OFFENSES,4086,11/01/2018 12:00:00 AM
ASSAULT 3 & RELATED OFFENSES,4382,12/01/2018 12:00:00 AM
ASSAULT 3 & RELATED OFFENSES,3906,01/01/2019 12:00:00 AM
ASSAULT 3 & RELATED OFFENSES,3636,02/01/2019 12:00:00 AM
ASSAULT 3 & RELATED OFFENSES,4233,03/01/2019 12:00:00 AM
ASSAULT 3 & RELATED OFFENSES,4286,04/01/2019 12:00:00 AM
ASSAULT 3 & RELATED OFFENSES,5081,05/01/2019 12:00:00 AM
ASSAULT 3 & RELATED OFFENSES,4923,06/01/2019 12:00:00 AM
ASSAULT 3 & RELATED OFFENSES,4966,07/01/2019 12:00:00 AM
ASSAULT 3 & RELATED OFFENSES,4455,08/01/2019 12:00:00 AM
ASSAULT 3 & RELATED OFFENSES,4605,09/01/2019 12:00:00 AM
ASSAULT 3 & RELATED OFFENSES,4393,10/01/2019 12:00:00 AM
ASSAULT 3 & RELATED OFFENSES,4146,11/01/2019 12:00:00 AM
ASSAULT 3 & RELATED OFFENSES,4136,12/01/2019 12:00:00 AM
BURGLAR'S TOOLS,19,01/01/2018 12:00:00 AM
BURGLAR'S TOOLS,24,02/01/2018 12:00:00 AM
BURGLAR'S TOOLS,31,03/01/2018 12:00:00 AM
BURGLAR'S TOOLS,27,04/01/2018 12:00:00 AM
BURGLAR'S TOOLS,30,05/01/2018 12:00:00 AM
BURGLAR'S TOOLS,28,06/01/2018 12:00:00 AM
BURGLAR'S TOOLS,26,07/01/2018 12:00:00 AM
BURGLAR'S TOOLS,23,08/01/2018 12:00:00 AM
BURGLAR'S TOOLS,30,09/01/2018 12:00:00 AM
BURGLAR'S TOOLS,33,10/01/2018 12:00:00 AM
BURGLAR'S TOOLS,24,11/01/2018 12:00:00 AM
BURGLAR'S TOOLS,31,12/01/2018 12:00:00 AM
BURGLAR'S TOOLS,32,01/01/2019 12:00:00 AM
BURGLAR'S TOOLS,22,02/01/2019 12:00:00 AM
BURGLAR'S TOOLS,21,03/01/2019 12:00:00 AM
BURGLAR'S TOOLS,31,04/01/2019 12:00:00 AM
BURGLAR'S TOOLS,34,05/01/2019 12:00:00 AM
BURGLAR'S TOOLS,21,06/01/2019 12:00:00 AM
BURGLAR'S TOOLS,25,07/01/2019 12:00:00 AM
BURGLAR'S TOOLS,26,08/01/2019 12:00:00 AM
BURGLAR'S TOOLS,33,09/01/2019 12:00:00 AM
BURGLAR'S TOOLS,23,10/01/2019 12:00:00 AM
BURGLAR'S TOOLS,22,11/01/2019 12:00:00 AM
BURGLAR'S TOOLS,17,12/01/2019 12:00:00 AM
BURGLARY,968,01/01/2018 12:00:00 AM
BURGLARY,856,02/01/2018 12:00:00 AM
BURGLARY,890,03/01/2018 12:00:00 AM
BURGLARY,941,04/01/2018 12:00:00 AM
BURGLARY,927,05/01/2018 12:00:00 AM
BURGLARY,974,06/01/2018 12:00:00 AM
BURGLARY,1054,07/01/2018 12:00:00 AM
BURGLARY,1115,08/01/2018 12:00:00 AM
BURGLARY,1031,09/01/2018 12:00:00 AM
BURGLARY,1026,10/01/2018 12:00:00 AM
BURGLARY,961,11/01/2018 12:00:00 AM
BURGLARY,1159,12/01/2018 12:00:00 AM
BURGLARY,901,01/01/2019 12:00:00 AM
BURGLARY,759,02/01/2019 12:00:00 AM
BURGLARY,757,03/01/2019 12:00:00 AM
BURGLARY,803,04/01/2019 12:00:00 AM
BURGLARY,857,05/01/2019 12:00:00 AM
BURGLARY,825,06/01/2019 12:00:00 AM
BURGLARY,991,07/01/2019 12:00:00 AM
BURGLARY,1070,08/01/2019 12:00:00 AM
BURGLARY,889,09/01/2019 12:00:00 AM
BURGLARY,994,10/01/2019 12:00:00 AM
BURGLARY,900,11/01/2019 12:00:00 AM
BURGLARY,980,12/01/2019 12:00:00 AM
CHILD ABANDONMENT/NON SUPPORT,2,01/01/2018 12:00:00 AM
CHILD ABANDONMENT/NON SUPPORT,1,02/01/2018 12:00:00 AM
CHILD ABANDONMENT/NON SUPPORT,2,03/01/2018 12:00:00 AM
CHILD ABANDONMENT/NON SUPPORT,1,04/01/2018 12:00:00 AM
CHILD ABANDONMENT/NON SUPPORT,2,05/01/2018 12:00:00 AM
CHILD ABANDONMENT/NON SUPPORT,1,06/01/2018 12:00:00 AM
CHILD ABANDONMENT/NON SUPPORT,5,07/01/2018 12:00:00 AM
CHILD ABANDONMENT/NON SUPPORT,1,08/01/2018 12:00:00 AM
CHILD ABANDONMENT/NON SUPPORT,1,09/01/2018 12:00:00 AM
CHILD ABANDONMENT/NON SUPPORT,2,10/01/2018 12:00:00 AM
CHILD ABANDONMENT/NON SUPPORT,1,11/01/2018 12:00:00 AM
CHILD ABANDONMENT/NON SUPPORT,2,12/01/2018 12:00:00 AM
CHILD ABANDONMENT/NON SUPPORT,1,02/01/2019 12:00:00 AM
CHILD ABANDONMENT/NON SUPPORT,1,05/01/2019 12:00:00 AM
CHILD ABANDONMENT/NON SUPPORT,2,06/01/2019 12:00:00 AM
CHILD ABANDONMENT/NON SUPPORT,2,07/01/2019 12:00:00 AM
CHILD ABANDONMENT/NON SUPPORT,1,08/01/2019 12:00:00 AM
CHILD ABANDONMENT/NON SUPPORT,1,09/01/2019 12:00:00 AM
CHILD ABANDONMENT/NON SUPPORT,5,10/01/2019 12:00:00 AM
CHILD ABANDONMENT/NON SUPPORT,2,11/01/2019 12:00:00 AM
CHILD ABANDONMENT/NON SUPPORT,1,12/01/2019 12:00:00 AM
CRIMINAL MISCHIEF & RELATED OF,4224,01/01/2018 12:00:00 AM
CRIMINAL MISCHIEF & RELATED OF,3548,02/01/2018 12:00:00 AM
CRIMINAL MISCHIEF & RELATED OF,3871,03/01/2018 12:00:00 AM
CRIMINAL MISCHIEF & RELATED OF,3984,04/01/2018 12:00:00 AM
CRIMINAL MISCHIEF & RELATED OF,4306,05/01/2018 12:00:00 AM
CRIMINAL MISCHIEF & RELATED OF,4252,06/01/2018 12:00:00 AM
CRIMINAL MISCHIEF & RELATED OF,4407,07/01/2018 12:00:00 AM
CRIMINAL MISCHIEF & RELATED OF,4186,08/01/2018 12:00:00 AM
CRIMINAL MISCHIEF & RELATED OF,4130,09/01/2018 12:00:00 AM
CRIMINAL MISCHIEF & RELATED OF,4035,10/01/2018 12:00:00 AM
CRIMINAL MISCHIEF & RELATED OF,3809,11/01/2018 12:00:00 AM
CRIMINAL MISCHIEF & RELATED OF,3980,12/01/2018 12:00:00 AM
CRIMINAL MISCHIEF & RELATED OF,4017,01/01/2019 12:00:00 AM
CRIMINAL MISCHIEF & RELATED OF,3236,02/01/2019 12:00:00 AM
CRIMINAL MISCHIEF & RELATED OF,3961,03/01/2019 12:00:00 AM
CRIMINAL MISCHIEF & RELATED OF,3588,04/01/2019 12:00:00 AM
CRIMINAL MISCHIEF & RELATED OF,4102,05/01/2019 12:00:00 AM
CRIMINAL MISCHIEF & RELATED OF,3993,06/01/2019 12:00:00 AM
CRIMINAL MISCHIEF & RELATED OF,4332,07/01/2019 12:00:00 AM
CRIMINAL MISCHIEF & RELATED OF,4071,08/01/2019 12:00:00 AM
CRIMINAL MISCHIEF & RELATED OF,4187,09/01/2019 12:00:00 AM
CRIMINAL MISCHIEF & RELATED OF,4001,10/01/2019 12:00:00 AM
CRIMINAL MISCHIEF & RELATED OF,3880,11/01/2019 12:00:00 AM
CRIMINAL MISCHIEF & RELATED OF,3475,12/01/2019 12:00:00 AM
CRIMINAL TRESPASS,308,01/01/2018 12:00:00 AM
CRIMINAL TRESPASS,273,02/01/2018 12:00:00 AM
CRIMINAL TRESPASS,340,03/01/2018 12:00:00 AM
CRIMINAL TRESPASS,286,04/01/2018 12:00:00 AM
CRIMINAL TRESPASS,296,05/01/2018 12:00:00 AM
CRIMINAL TRESPASS,246,06/01/2018 12:00:00 AM
CRIMINAL TRESPASS,289,07/01/2018 12:00:00 AM
CRIMINAL TRESPASS,291,08/01/2018 12:00:00 AM
CRIMINAL TRESPASS,251,09/01/2018 12:00:00 AM
CRIMINAL TRESPASS,228,10/01/2018 12:00:00 AM
CRIMINAL TRESPASS,234,11/01/2018 12:00:00 AM
CRIMINAL TRESPASS,261,12/01/2018 12:00:00 AM
CRIMINAL TRESPASS,322,01/01/2019 12:00:00 AM
CRIMINAL TRESPASS,226,02/01/2019 12:00:00 AM
CRIMINAL TRESPASS,292,03/01/2019 12:00:00 AM
CRIMINAL TRESPASS,257,04/01/2019 12:00:00 AM
CRIMINAL TRESPASS,294,05/01/2019 12:00:00 AM
CRIMINAL TRESPASS,243,06/01/2019 12:00:00 AM
CRIMINAL TRESPASS,230,07/01/2019 12:00:00 AM
CRIMINAL TRESPASS,257,08/01/2019 12:00:00 AM
CRIMINAL TRESPASS,200,09/01/2019 12:00:00 AM
CRIMINAL TRESPASS,246,10/01/2019 12:00:00 AM
CRIMINAL TRESPASS,267,11/01/2019 12:00:00 AM
CRIMINAL TRESPASS,207,12/01/2019 12:00:00 AM
DANGEROUS DRUGS,1883,01/01/2018 12:00:00 AM
DANGEROUS DRUGS,1759,02/01/2018 12:00:00 AM
DANGEROUS DRUGS,1723,03/01/2018 12:00:00 AM
DANGEROUS DRUGS,1532,04/01/2018 12:00:00 AM
DANGEROUS DRUGS,1410,05/01/2018 12:00:00 AM
DANGEROUS DRUGS,1017,06/01/2018 12:00:00 AM
DANGEROUS DRUGS,1070,07/01/2018 12:00:00 AM
DANGEROUS DRUGS,1245,08/01/2018 12:00:00 AM
DANGEROUS DRUGS,929,09/01/2018 12:00:00 AM
DANGEROUS DRUGS,1044,10/01/2018 12:00:00 AM
DANGEROUS DRUGS,855,11/01/2018 12:00:00 AM
DANGEROUS DRUGS,868,12/01/2018 12:00:00 AM
DANGEROUS DRUGS,1126,01/01/2019 12:00:00 AM
DANGEROUS DRUGS,987,02/01/2019 12:00:00 AM
DANGEROUS DRUGS,1107,03/01/2019 12:00:00 AM
DANGEROUS DRUGS,1065,04/01/2019 12:00:00 AM
DANGEROUS DRUGS,1256,05/01/2019 12:00:00 AM
DANGEROUS DRUGS,1083,06/01/2019 12:00:00 AM
DANGEROUS DRUGS,1324,07/01/2019 12:00:00 AM
DANGEROUS DRUGS,1283,08/01/2019 12:00:00 AM
DANGEROUS DRUGS,1106,09/01/2019 12:00:00 AM
DANGEROUS DRUGS,1255,10/01/2019 12:00:00 AM
DANGEROUS DRUGS,1082,11/01/2019 12:00:00 AM
DANGEROUS DRUGS,801,12/01/2019 12:00:00 AM
DANGEROUS WEAPONS,773,01/01/2018 12:00:00 AM
DANGEROUS WEAPONS,623,02/01/2018 12:00:00 AM
DANGEROUS WEAPONS,688,03/01/2018 12:00:00 AM
DANGEROUS WEAPONS,703,04/01/2018 12:00:00 AM
DANGEROUS WEAPONS,697,05/01/2018 12:00:00 AM
DANGEROUS WEAPONS,627,06/01/2018 12:00:00 AM
DANGEROUS WEAPONS,691,07/01/2018 12:00:00 AM
DANGEROUS WEAPONS,743,08/01/2018 12:00:00 AM
DANGEROUS WEAPONS,608,09/01/2018 12:00:00 AM
DANGEROUS WEAPONS,625,10/01/2018 12:00:00 AM
DANGEROUS WEAPONS,576,11/01/2018 12:00:00 AM
DANGEROUS WEAPONS,573,12/01/2018 12:00:00 AM
DANGEROUS WEAPONS,707,01/01/2019 12:00:00 AM
DANGEROUS WEAPONS,636,02/01/2019 12:00:00 AM
DANGEROUS WEAPONS,632,03/01/2019 12:00:00 AM
DANGEROUS WEAPONS,581,04/01/2019 12:00:00 AM
DANGEROUS WEAPONS,650,05/01/2019 12:00:00 AM
DANGEROUS WEAPONS,450,06/01/2019 12:00:00 AM
DANGEROUS WEAPONS,525,07/01/2019 12:00:00 AM
DANGEROUS WEAPONS,501,08/01/2019 12:00:00 AM
DANGEROUS WEAPONS,434,09/01/2019 12:00:00 AM
DANGEROUS WEAPONS,432,10/01/2019 12:00:00 AM
DANGEROUS WEAPONS,419,11/01/2019 12:00:00 AM
DANGEROUS WEAPONS,319,12/01/2019 12:00:00 AM
DISORDERLY CONDUCT,1,01/01/2018 12:00:00 AM
DISORDERLY CONDUCT,6,02/01/2018 12:00:00 AM
DISORDERLY CONDUCT,4,03/01/2018 12:00:00 AM
DISORDERLY CONDUCT,6,04/01/2018 12:00:00 AM
DISORDERLY CONDUCT,4,05/01/2018 12:00:00 AM
DISORDERLY CONDUCT,3,06/01/2018 12:00:00 AM
DISORDERLY CONDUCT,5,07/01/2018 12:00:00 AM
DISORDERLY CONDUCT,2,08/01/2018 12:00:00 AM
DISORDERLY CONDUCT,1,09/01/2018 12:00:00 AM
DISORDERLY CONDUCT,4,10/01/2018 12:00:00 AM
DISORDERLY CONDUCT,4,11/01/2018 12:00:00 AM
DISORDERLY CONDUCT,5,12/01/2018 12:00:00 AM
DISORDERLY CONDUCT,3,01/01/2019 12:00:00 AM
DISORDERLY CONDUCT,3,02/01/2019 12:00:00 AM
DISORDERLY CONDUCT,5,03/01/2019 12:00:00 AM
DISORDERLY CONDUCT,2,04/01/2019 12:00:00 AM
DISORDERLY CONDUCT,3,05/01/2019 12:00:00 AM
DISORDERLY CONDUCT,2,06/01/2019 12:00:00 AM
DISORDERLY CONDUCT,2,07/01/2019 12:00:00 AM
DISORDERLY CONDUCT,4,08/01/2019 12:00:00 AM
DISORDERLY CONDUCT,4,09/01/2019 12:00:00 AM
DISORDERLY CONDUCT,1,11/01/2019 12:00:00 AM
DISRUPTION OF A RELIGIOUS SERV,1,09/01/2018 12:00:00 AM
DISRUPTION OF A RELIGIOUS SERV,1,09/01/2019 12:00:00 AM
DISRUPTION OF A RELIGIOUS SERV,2,11/01/2019 12:00:00 AM
ENDAN WELFARE INCOMP,2,02/01/2018 12:00:00 AM
ENDAN WELFARE INCOMP,2,03/01/2018 12:00:00 AM
ENDAN WELFARE INCOMP,3,05/01/2018 12:00:00 AM
ENDAN WELFARE INCOMP,7,06/01/2018 12:00:00 AM
ENDAN WELFARE INCOMP,2,07/01/2018 12:00:00 AM
ENDAN WELFARE INCOMP,4,08/01/2018 12:00:00 AM
ENDAN WELFARE INCOMP,2,10/01/2018 12:00:00 AM
ENDAN WELFARE INCOMP,1,12/01/2018 12:00:00 AM
ENDAN WELFARE INCOMP,1,01/01/2019 12:00:00 AM
ENDAN WELFARE INCOMP,2,02/01/2019 12:00:00 AM
ENDAN WELFARE INCOMP,1,03/01/2019 12:00:00 AM
ENDAN WELFARE INCOMP,3,04/01/2019 12:00:00 AM
ENDAN WELFARE INCOMP,1,05/01/2019 12:00:00 AM
ENDAN WELFARE INCOMP,1,06/01/2019 12:00:00 AM
ENDAN WELFARE INCOMP,5,07/01/2019 12:00:00 AM
ENDAN WELFARE INCOMP,2,08/01/2019 12:00:00 AM
ENDAN WELFARE INCOMP,2,09/01/2019 12:00:00 AM
ENDAN WELFARE INCOMP,4,10/01/2019 12:00:00 AM
ENDAN WELFARE INCOMP,4,11/01/2019 12:00:00 AM
ENDAN WELFARE INCOMP,2,12/01/2019 12:00:00 AM
ESCAPE 3,1,02/01/2018 12:00:00 AM
ESCAPE 3,1,03/01/2018 12:00:00 AM
ESCAPE 3,1,07/01/2018 12:00:00 AM
ESCAPE 3,2,08/01/2018 12:00:00 AM
ESCAPE 3,3,10/01/2018 12:00:00 AM
ESCAPE 3,1,02/01/2019 12:00:00 AM
ESCAPE 3,1,03/01/2019 12:00:00 AM
ESCAPE 3,2,04/01/2019 12:00:00 AM
ESCAPE 3,1,05/01/2019 12:00:00 AM
ESCAPE 3,2,06/01/2019 12:00:00 AM
ESCAPE 3,1,08/01/2019 12:00:00 AM
ESCAPE 3,1,12/01/2019 12:00:00 AM
FELONY ASSAULT,1572,01/01/2018 12:00:00 AM
FELONY ASSAULT,1391,02/01/2018 12:00:00 AM
FELONY ASSAULT,1606,03/01/2018 12:00:00 AM
FELONY ASSAULT,1628,04/01/2018 12:00:00 AM
FELONY ASSAULT,1923,05/01/2018 12:00:00 AM
FELONY ASSAULT,1888,06/01/2018 12:00:00 AM
FELONY ASSAULT,1896,07/01/2018 12:00:00 AM
FELONY ASSAULT,1896,08/01/2018 12:00:00 AM
FELONY ASSAULT,1746,09/01/2018 12:00:00 AM
FELONY ASSAULT,1666,10/01/2018 12:00:00 AM
FELONY ASSAULT,1545,11/01/2018 12:00:00 AM
FELONY ASSAULT,1729,12/01/2018 12:00:00 AM
FELONY ASSAULT,1460,01/01/2019 12:00:00 AM
FELONY ASSAULT,1292,02/01/2019 12:00:00 AM
FELONY ASSAULT,1678,03/01/2019 12:00:00 AM
FELONY ASSAULT,1634,04/01/2019 12:00:00 AM
FELONY ASSAULT,1935,05/01/2019 12:00:00 AM
FELONY ASSAULT,1956,06/01/2019 12:00:00 AM
FELONY ASSAULT,2067,07/01/2019 12:00:00 AM
FELONY ASSAULT,1946,08/01/2019 12:00:00 AM
FELONY ASSAULT,1821,09/01/2019 12:00:00 AM
FELONY ASSAULT,1690,10/01/2019 12:00:00 AM
FELONY ASSAULT,1644,11/01/2019 12:00:00 AM
FELONY ASSAULT,1482,12/01/2019 12:00:00 AM
FELONY SEX CRIMES,1,03/01/2019 12:00:00 AM
FELONY SEX CRIMES,1,05/01/2019 12:00:00 AM
FELONY SEX CRIMES,2,06/01/2019 12:00:00 AM
FELONY SEX CRIMES,2,09/01/2019 12:00:00 AM
FELONY SEX CRIMES,1,10/01/2019 12:00:00 AM
FELONY SEX CRIMES,2,11/01/2019 12:00:00 AM
FELONY SEX CRIMES,1,12/01/2019 12:00:00 AM
FORGERY,481,01/01/2018 12:00:00 AM
FORGERY,466,02/01/2018 12:00:00 AM
FORGERY,515,03/01/2018 12:00:00 AM
FORGERY,414,04/01/2018 12:00:00 AM
FORGERY,407,05/01/2018 12:00:00 AM
FORGERY,406,06/01/2018 12:00:00 AM
FORGERY,471,07/01/2018 12:00:00 AM
FORGERY,416,08/01/2018 12:00:00 AM
FORGERY,396,09/01/2018 12:00:00 AM
FORGERY,433,10/01/2018 12:00:00 AM
FORGERY,460,11/01/2018 12:00:00 AM
FORGERY,482,12/01/2018 12:00:00 AM
FORGERY,547,01/01/2019 12:00:00 AM
FORGERY,383,02/01/2019 12:00:00 AM
FORGERY,502,03/01/2019 12:00:00 AM
FORGERY,471,04/01/2019 12:00:00 AM
FORGERY,366,05/01/2019 12:00:00 AM
FORGERY,395,06/01/2019 12:00:00 AM
FORGERY,406,07/01/2019 12:00:00 AM
FORGERY,370,08/01/2019 12:00:00 AM
FORGERY,344,09/01/2019 12:00:00 AM
FORGERY,355,10/01/2019 12:00:00 AM
FORGERY,328,11/01/2019 12:00:00 AM
FORGERY,267,12/01/2019 12:00:00 AM
FRAUDS,253,01/01/2018 12:00:00 AM
FRAUDS,249,02/01/2018 12:00:00 AM
FRAUDS,258,03/01/2018 12:00:00 AM
FRAUDS,268,04/01/2018 12:00:00 AM
FRAUDS,219,05/01/2018 12:00:00 AM
FRAUDS,216,06/01/2018 12:00:00 AM
FRAUDS,224,07/01/2018 12:00:00 AM
FRAUDS,228,08/01/2018 12:00:00 AM
FRAUDS,230,09/01/2018 12:00:00 AM
FRAUDS,227,10/01/2018 12:00:00 AM
FRAUDS,276,11/01/2018 12:00:00 AM
FRAUDS,331,12/01/2018 12:00:00 AM
FRAUDS,193,01/01/2019 12:00:00 AM
FRAUDS,174,02/01/2019 12:00:00 AM
FRAUDS,216,03/01/2019 12:00:00 AM
FRAUDS,176,04/01/2019 12:00:00 AM
FRAUDS,170,05/01/2019 12:00:00 AM
FRAUDS,154,06/01/2019 12:00:00 AM
FRAUDS,164,07/01/2019 12:00:00 AM
FRAUDS,157,08/01/2019 12:00:00 AM
FRAUDS,130,09/01/2019 12:00:00 AM
FRAUDS,195,10/01/2019 12:00:00 AM
FRAUDS,143,11/01/2019 12:00:00 AM
FRAUDS,123,12/01/2019 12:00:00 AM
FRAUDULENT ACCOSTING,25,01/01/2018 12:00:00 AM
FRAUDULENT ACCOSTING,17,02/01/2018 12:00:00 AM
FRAUDULENT ACCOSTING,18,03/01/2018 12:00:00 AM
FRAUDULENT ACCOSTING,18,04/01/2018 12:00:00 AM
FRAUDULENT ACCOSTING,15,05/01/2018 12:00:00 AM
FRAUDULENT ACCOSTING,14,06/01/2018 12:00:00 AM
FRAUDULENT ACCOSTING,20,07/01/2018 12:00:00 AM
FRAUDULENT ACCOSTING,17,08/01/2018 12:00:00 AM
FRAUDULENT ACCOSTING,10,09/01/2018 12:00:00 AM
FRAUDULENT ACCOSTING,16,10/01/2018 12:00:00 AM
FRAUDULENT ACCOSTING,16,11/01/2018 12:00:00 AM
FRAUDULENT ACCOSTING,16,12/01/2018 12:00:00 AM
FRAUDULENT ACCOSTING,15,01/01/2019 12:00:00 AM
FRAUDULENT ACCOSTING,8,02/01/2019 12:00:00 AM
FRAUDULENT ACCOSTING,15,03/01/2019 12:00:00 AM
FRAUDULENT ACCOSTING,11,04/01/2019 12:00:00 AM
FRAUDULENT ACCOSTING,14,05/01/2019 12:00:00 AM
FRAUDULENT ACCOSTING,14,06/01/2019 12:00:00 AM
FRAUDULENT ACCOSTING,23,07/01/2019 12:00:00 AM
FRAUDULENT ACCOSTING,16,08/01/2019 12:00:00 AM
FRAUDULENT ACCOSTING,8,09/01/2019 12:00:00 AM
FRAUDULENT ACCOSTING,9,10/01/2019 12:00:00 AM
FRAUDULENT ACCOSTING,11,11/01/2019 12:00:00 AM
FRAUDULENT ACCOSTING,13,12/01/2019 12:00:00 AM
GAMBLING,4,01/01/2018 12:00:00 AM
GAMBLING,6,02/01/2018 12:00:00 AM
GAMBLING,9,03/01/2018 12:00:00 AM
GAMBLING,18,04/01/2018 12:00:00 AM
GAMBLING,25,05/01/2018 12:00:00 AM
GAMBLING,21,06/01/2018 12:00:00 AM
GAMBLING,21,07/01/2018 12:00:00 AM
GAMBLING,13,08/01/2018 12:00:00 AM
GAMBLING,11,09/01/2018 12:00:00 AM
GAMBLING,9,10/01/2018 12:00:00 AM
GAMBLING,11,11/01/2018 12:00:00 AM
GAMBLING,3,12/01/2018 12:00:00 AM
GAMBLING,16,01/01/2019 12:00:00 AM
GAMBLING,13,02/01/2019 12:00:00 AM
GAMBLING,21,03/01/2019 12:00:00 AM
GAMBLING,21,04/01/2019 12:00:00 AM
GAMBLING,27,05/01/2019 12:00:00 AM
GAMBLING,45,06/01/2019 12:00:00 AM
GAMBLING,30,07/01/2019 12:00:00 AM
GAMBLING,42,08/01/2019 12:00:00 AM
GAMBLING,32,09/01/2019 12:00:00 AM
GAMBLING,15,10/01/2019 12:00:00 AM
GAMBLING,11,11/01/2019 12:00:00 AM
GAMBLING,7,12/01/2019 12:00:00 AM
GRAND LARCENY,3481,01/01/2018 12:00:00 AM
GRAND LARCENY,3068,02/01/2018 12:00:00 AM
GRAND LARCENY,3334,03/01/2018 12:00:00 AM
GRAND LARCENY,3316,04/01/2018 12:00:00 AM
GRAND LARCENY,3764,05/01/2018 12:00:00 AM
GRAND LARCENY,3926,06/01/2018 12:00:00 AM
GRAND LARCENY,4058,07/01/2018 12:00:00 AM
GRAND LARCENY,4085,08/01/2018 12:00:00 AM
GRAND LARCENY,3936,09/01/2018 12:00:00 AM
GRAND LARCENY,4206,10/01/2018 12:00:00 AM
GRAND LARCENY,4254,11/01/2018 12:00:00 AM
GRAND LARCENY,5361,12/01/2018 12:00:00 AM
GRAND LARCENY,3226,01/01/2019 12:00:00 AM
GRAND LARCENY,2793,02/01/2019 12:00:00 AM
GRAND LARCENY,3142,03/01/2019 12:00:00 AM
GRAND LARCENY,3169,04/01/2019 12:00:00 AM
GRAND LARCENY,3563,05/01/2019 12:00:00 AM
GRAND LARCENY,3727,06/01/2019 12:00:00 AM
GRAND LARCENY,3940,07/01/2019 12:00:00 AM
GRAND LARCENY,3827,08/01/2019 12:00:00 AM
GRAND LARCENY,3846,09/01/2019 12:00:00 AM
GRAND LARCENY,3925,10/01/2019 12:00:00 AM
GRAND LARCENY,3664,11/01/2019 12:00:00 AM
GRAND LARCENY,3675,12/01/2019 12:00:00 AM
GRAND LARCENY OF MOTOR VEHICLE,398,01/01/2018 12:00:00 AM
GRAND LARCENY OF MOTOR VEHICLE,332,02/01/2018 12:00:00 AM
GRAND LARCENY OF MOTOR VEHICLE,391,03/01/2018 12:00:00 AM
GRAND LARCENY OF MOTOR VEHICLE,384,04/01/2018 12:00:00 AM
GRAND LARCENY OF MOTOR VEHICLE,438,05/01/2018 12:00:00 AM
GRAND LARCENY OF MOTOR VEHICLE,459,06/01/2018 12:00:00 AM
GRAND LARCENY OF MOTOR VEHICLE,600,07/01/2018 12:00:00 AM
GRAND LARCENY OF MOTOR VEHICLE,634,08/01/2018 12:00:00 AM
GRAND LARCENY OF MOTOR VEHICLE,502,09/01/2018 12:00:00 AM
GRAND LARCENY OF MOTOR VEHICLE,499,10/01/2018 12:00:00 AM
GRAND LARCENY OF MOTOR VEHICLE,449,11/01/2018 12:00:00 AM
GRAND LARCENY OF MOTOR VEHICLE,468,12/01/2018 12:00:00 AM
GRAND LARCENY OF MOTOR VEHICLE,334,01/01/2019 12:00:00 AM
GRAND LARCENY OF MOTOR VEHICLE,295,02/01/2019 12:00:00 AM
GRAND LARCENY OF MOTOR VEHICLE,301,03/01/2019 12:00:00 AM
GRAND LARCENY OF MOTOR VEHICLE,348,04/01/2019 12:00:00 AM
GRAND LARCENY OF MOTOR VEHICLE,388,05/01/2019 12:00:00 AM
GRAND LARCENY OF MOTOR VEHICLE,470,06/01/2019 12:00:00 AM
GRAND LARCENY OF MOTOR VEHICLE,589,07/01/2019 12:00:00 AM
GRAND LARCENY OF MOTOR VEHICLE,633,08/01/2019 12:00:00 AM
GRAND LARCENY OF MOTOR VEHICLE,573,09/01/2019 12:00:00 AM
GRAND LARCENY OF MOTOR VEHICLE,526,10/01/2019 12:00:00 AM
GRAND LARCENY OF MOTOR VEHICLE,459,11/01/2019 12:00:00 AM
GRAND LARCENY OF MOTOR VEHICLE,499,12/01/2019 12:00:00 AM
HARRASSMENT 2,5487,01/01/2018 12:00:00 AM
HARRASSMENT 2,5178,02/01/2018 12:00:00 AM
HARRASSMENT 2,5593,03/01/2018 12:00:00 AM
HARRASSMENT 2,5678,04/01/2018 12:00:00 AM
HARRASSMENT 2,6590,05/01/2018 12:00:00 AM
HARRASSMENT 2,6231,06/01/2018 12:00:00 AM
HARRASSMENT 2,6387,07/01/2018 12:00:00 AM
HARRASSMENT 2,6282,08/01/2018 12:00:00 AM
HARRASSMENT 2,6371,09/01/2018 12:00:00 AM
HARRASSMENT 2,6300,10/01/2018 12:00:00 AM
HARRASSMENT 2,5636,11/01/2018 12:00:00 AM
HARRASSMENT 2,6109,12/01/2018 12:00:00 AM
HARRASSMENT 2,5440,01/01/2019 12:00:00 AM
HARRASSMENT 2,4948,02/01/2019 12:00:00 AM
HARRASSMENT 2,5758,03/01/2019 12:00:00 AM
HARRASSMENT 2,5954,04/01/2019 12:00:00 AM
HARRASSMENT 2,6448,05/01/2019 12:00:00 AM
HARRASSMENT 2,6376,06/01/2019 12:00:00 AM
HARRASSMENT 2,6372,07/01/2019 12:00:00 AM
HARRASSMENT 2,6276,08/01/2019 12:00:00 AM
HARRASSMENT 2,6232,09/01/2019 12:00:00 AM
HARRASSMENT 2,6156,10/01/2019 12:00:00 AM
HARRASSMENT 2,5822,11/01/2019 12:00:00 AM
HARRASSMENT 2,5840,12/01/2019 12:00:00 AM
"HOMICIDE-NEGLIGENT,UNCLASSIFIE",1,02/01/2018 12:00:00 AM
"HOMICIDE-NEGLIGENT,UNCLASSIFIE",1,03/01/2018 12:00:00 AM
"HOMICIDE-NEGLIGENT,UNCLASSIFIE",1,05/01/2018 12:00:00 AM
"HOMICIDE-NEGLIGENT,UNCLASSIFIE",2,06/01/2018 12:00:00 AM
"HOMICIDE-NEGLIGENT,UNCLASSIFIE",1,07/01/2018 12:00:00 AM
"HOMICIDE-NEGLIGENT,UNCLASSIFIE",2,08/01/2018 12:00:00 AM
"HOMICIDE-NEGLIGENT,UNCLASSIFIE",2,10/01/2018 12:00:00 AM
"HOMICIDE-NEGLIGENT,UNCLASSIFIE",1,11/01/2018 12:00:00 AM
"HOMICIDE-NEGLIGENT,UNCLASSIFIE",2,12/01/2018 12:00:00 AM
"HOMICIDE-NEGLIGENT,UNCLASSIFIE",2,04/01/2019 12:00:00 AM
"HOMICIDE-NEGLIGENT,UNCLASSIFIE",3,07/01/2019 12:00:00 AM
"HOMICIDE-NEGLIGENT,UNCLASSIFIE",1,08/01/2019 12:00:00 AM
"HOMICIDE-NEGLIGENT,UNCLASSIFIE",1,10/01/2019 12:00:00 AM
"HOMICIDE-NEGLIGENT,UNCLASSIFIE",1,12/01/2019 12:00:00 AM
HOMICIDE-NEGLIGENT-VEHICLE,1,02/01/2018 12:00:00 AM
HOMICIDE-NEGLIGENT-VEHICLE,1,03/01/2019 12:00:00 AM
HOMICIDE-NEGLIGENT-VEHICLE,1,05/01/2019 12:00:00 AM
HOMICIDE-NEGLIGENT-VEHICLE,1,08/01/2019 12:00:00 AM
INTOXICATED & IMPAIRED DRIVING,458,01/01/2018 12:00:00 AM
INTOXICATED & IMPAIRED DRIVING,439,02/01/2018 12:00:00 AM
INTOXICATED & IMPAIRED DRIVING,500,03/01/2018 12:00:00 AM
INTOXICATED & IMPAIRED DRIVING,446,04/01/2018 12:00:00 AM
INTOXICATED & IMPAIRED DRIVING,393,05/01/2018 12:00:00 AM
INTOXICATED & IMPAIRED DRIVING,405,06/01/2018 12:00:00 AM
INTOXICATED & IMPAIRED DRIVING,405,07/01/2018 12:00:00 AM
INTOXICATED & IMPAIRED DRIVING,380,08/01/2018 12:00:00 AM
INTOXICATED & IMPAIRED DRIVING,355,09/01/2018 12:00:00 AM
INTOXICATED & IMPAIRED DRIVING,410,10/01/2018 12:00:00 AM
INTOXICATED & IMPAIRED DRIVING,397,11/01/2018 12:00:00 AM
INTOXICATED & IMPAIRED DRIVING,402,12/01/2018 12:00:00 AM
INTOXICATED & IMPAIRED DRIVING,387,01/01/2019 12:00:00 AM
INTOXICATED & IMPAIRED DRIVING,368,02/01/2019 12:00:00 AM
INTOXICATED & IMPAIRED DRIVING,447,03/01/2019 12:00:00 AM
INTOXICATED & IMPAIRED DRIVING,372,04/01/2019 12:00:00 AM
INTOXICATED & IMPAIRED DRIVING,418,05/01/2019 12:00:00 AM
INTOXICATED & IMPAIRED DRIVING,357,06/01/2019 12:00:00 AM
INTOXICATED & IMPAIRED DRIVING,364,07/01/2019 12:00:00 AM
INTOXICATED & IMPAIRED DRIVING,358,08/01/2019 12:00:00 AM
INTOXICATED & IMPAIRED DRIVING,332,09/01/2019 12:00:00 AM
INTOXICATED & IMPAIRED DRIVING,321,10/01/2019 12:00:00 AM
INTOXICATED & IMPAIRED DRIVING,352,11/01/2019 12:00:00 AM
INTOXICATED & IMPAIRED DRIVING,291,12/01/2019 12:00:00 AM
INTOXICATED/IMPAIRED DRIVING,1,01/01/2018 12:00:00 AM
INTOXICATED/IMPAIRED DRIVING,1,03/01/2018 12:00:00 AM
INTOXICATED/IMPAIRED DRIVING,2,04/01/2018 12:00:00 AM
INTOXICATED/IMPAIRED DRIVING,2,12/01/2018 12:00:00 AM
INTOXICATED/IMPAIRED DRIVING,2,06/01/2019 12:00:00 AM
INTOXICATED/IMPAIRED DRIVING,1,08/01/2019 12:00:00 AM
JOSTLING,1,01/01/2018 12:00:00 AM
JOSTLING,2,02/01/2018 12:00:00 AM
JOSTLING,2,03/01/2018 12:00:00 AM
JOSTLING,5,04/01/2018 12:00:00 AM
JOSTLING,6,05/01/2018 12:00:00 AM
JOSTLING,3,06/01/2018 12:00:00 AM
JOSTLING,4,07/01/2018 12:00:00 AM
JOSTLING,4,08/01/2018 12:00:00 AM
JOSTLING,2,09/01/2018 12:00:00 AM
JOSTLING,3,10/01/2018 12:00:00 AM
JOSTLING,4,11/01/2018 12:00:00 AM
JOSTLING,4,12/01/2018 12:00:00 AM
JOSTLING,4,01/01/2019 12:00:00 AM
JOSTLING,3,02/01/2019 12:00:00 AM
JOSTLING,1,03/01/2019 12:00:00 AM
JOSTLING,1,04/01/2019 12:00:00 AM
JOSTLING,2,05/01/2019 12:00:00 AM
JOSTLING,2,06/01/2019 12:00:00 AM
JOSTLING,1,07/01/2019 12:00:00 AM
JOSTLING,2,08/01/2019 12:00:00 AM
JOSTLING,6,09/01/2019 12:00:00 AM
JOSTLING,2,10/01/2019 12:00:00 AM
JOSTLING,3,11/01/2019 12:00:00 AM
JOSTLING,1,12/01/2019 12:00:00 AM
KIDNAPPING,1,03/01/2018 12:00:00 AM
KIDNAPPING,1,04/01/2018 12:00:00 AM
KIDNAPPING,1,06/01/2018 12:00:00 AM
KIDNAPPING,2,07/01/2018 12:00:00 AM
KIDNAPPING,1,10/01/2018 12:00:00 AM
KIDNAPPING,2,11/01/2018 12:00:00 AM
KIDNAPPING,1,01/01/2019 12:00:00 AM
KIDNAPPING,1,02/01/2019 12:00:00 AM
KIDNAPPING,2,04/01/2019 12:00:00 AM
KIDNAPPING,2,06/01/2019 12:00:00 AM
KIDNAPPING,1,07/01/2019 12:00:00 AM
KIDNAPPING,1,08/01/2019 12:00:00 AM
KIDNAPPING,2,09/01/2019 12:00:00 AM
KIDNAPPING,2,10/01/2019 12:00:00 AM
KIDNAPPING,1,11/01/2019 12:00:00 AM
KIDNAPPING,1,12/01/2019 12:00:00 AM
KIDNAPPING AND RELATED OFFENSES,1,03/01/2019 12:00:00 AM
KIDNAPPING & RELATED OFFENSES,8,01/01/2018 12:00:00 AM
KIDNAPPING & RELATED OFFENSES,10,02/01/2018 12:00:00 AM
KIDNAPPING & RELATED OFFENSES,8,03/01/2018 12:00:00 AM
KIDNAPPING & RELATED OFFENSES,5,04/01/2018 12:00:00 AM
KIDNAPPING & RELATED OFFENSES,15,05/01/2018 12:00:00 AM
KIDNAPPING & RELATED OFFENSES,13,06/01/2018 12:00:00 AM
KIDNAPPING & RELATED OFFENSES,15,07/01/2018 12:00:00 AM
KIDNAPPING & RELATED OFFENSES,10,08/01/2018 12:00:00 AM
KIDNAPPING & RELATED OFFENSES,3,09/01/2018 12:00:00 AM
KIDNAPPING & RELATED OFFENSES,12,10/01/2018 12:00:00 AM
KIDNAPPING & RELATED OFFENSES,8,11/01/2018 12:00:00 AM
KIDNAPPING & RELATED OFFENSES,13,12/01/2018 12:00:00 AM
KIDNAPPING & RELATED OFFENSES,11,01/01/2019 12:00:00 AM
KIDNAPPING & RELATED OFFENSES,6,02/01/2019 12:00:00 AM
KIDNAPPING & RELATED OFFENSES,12,03/01/2019 12:00:00 AM
KIDNAPPING & RELATED OFFENSES,7,04/01/2019 12:00:00 AM
KIDNAPPING & RELATED OFFENSES,15,05/01/2019 12:00:00 AM
KIDNAPPING & RELATED OFFENSES,9,06/01/2019 12:00:00 AM
KIDNAPPING & RELATED OFFENSES,13,07/01/2019 12:00:00 AM
KIDNAPPING & RELATED OFFENSES,9,08/01/2019 12:00:00 AM
KIDNAPPING & RELATED OFFENSES,7,09/01/2019 12:00:00 AM
KIDNAPPING & RELATED OFFENSES,7,10/01/2019 12:00:00 AM
KIDNAPPING & RELATED OFFENSES,6,11/01/2019 12:00:00 AM
KIDNAPPING & RELATED OFFENSES,9,12/01/2019 12:00:00 AM
"LOITERING/GAMBLING (CARDS, DIC",2,05/01/2018 12:00:00 AM
"LOITERING/GAMBLING (CARDS, DIC",1,06/01/2018 12:00:00 AM
"LOITERING/GAMBLING (CARDS, DIC",1,07/01/2018 12:00:00 AM
"LOITERING/GAMBLING (CARDS, DIC",3,06/01/2019 12:00:00 AM
"LOITERING/GAMBLING (CARDS, DIC",1,08/01/2019 12:00:00 AM
"LOITERING/GAMBLING (CARDS, DIC",3,09/01/2019 12:00:00 AM
"LOITERING/GAMBLING (CARDS, DIC",1,11/01/2019 12:00:00 AM
"LOITERING/GAMBLING (CARDS, DIC",1,12/01/2019 12:00:00 AM
MISCELLANEOUS PENAL LAW,1006,01/01/2018 12:00:00 AM
MISCELLANEOUS PENAL LAW,981,02/01/2018 12:00:00 AM
MISCELLANEOUS PENAL LAW,1149,03/01/2018 12:00:00 AM
MISCELLANEOUS PENAL LAW,1109,04/01/2018 12:00:00 AM
MISCELLANEOUS PENAL LAW,1255,05/01/2018 12:00:00 AM
MISCELLANEOUS PENAL LAW,1193,06/01/2018 12:00:00 AM
MISCELLANEOUS PENAL LAW,1243,07/01/2018 12:00:00 AM
MISCELLANEOUS PENAL LAW,1174,08/01/2018 12:00:00 AM
MISCELLANEOUS PENAL LAW,1153,09/01/2018 12:00:00 AM
MISCELLANEOUS PENAL LAW,1120,10/01/2018 12:00:00 AM
MISCELLANEOUS PENAL LAW,1083,11/01/2018 12:00:00 AM
MISCELLANEOUS PENAL LAW,1165,12/01/2018 12:00:00 AM
MISCELLANEOUS PENAL LAW,1115,01/01/2019 12:00:00 AM
MISCELLANEOUS PENAL LAW,1012,02/01/2019 12:00:00 AM
MISCELLANEOUS PENAL LAW,1177,03/01/2019 12:00:00 AM
MISCELLANEOUS PENAL LAW,1179,04/01/2019 12:00:00 AM
MISCELLANEOUS PENAL LAW,1282,05/01/2019 12:00:00 AM
MISCELLANEOUS PENAL LAW,1290,06/01/2019 12:00:00 AM
MISCELLANEOUS PENAL LAW,1283,07/01/2019 12:00:00 AM
MISCELLANEOUS PENAL LAW,1251,08/01/2019 12:00:00 AM
MISCELLANEOUS PENAL LAW,1217,09/01/2019 12:00:00 AM
MISCELLANEOUS PENAL LAW,1253,10/01/2019 12:00:00 AM
MISCELLANEOUS PENAL LAW,1061,11/01/2019 12:00:00 AM
MISCELLANEOUS PENAL LAW,1093,12/01/2019 12:00:00 AM
MURDER & NON-NEGL. MANSLAUGHTER,19,01/01/2018 12:00:00 AM
MURDER & NON-NEGL. MANSLAUGHTER,15,02/01/2018 12:00:00 AM
MURDER & NON-NEGL. MANSLAUGHTER,27,03/01/2018 12:00:00 AM
MURDER & NON-NEGL. MANSLAUGHTER,28,04/01/2018 12:00:00 AM
MURDER & NON-NEGL. MANSLAUGHTER,34,05/01/2018 12:00:00 AM
MURDER & NON-NEGL. MANSLAUGHTER,36,06/01/2018 12:00:00 AM
MURDER & NON-NEGL. MANSLAUGHTER,33,07/01/2018 12:00:00 AM
MURDER & NON-NEGL. MANSLAUGHTER,30,08/01/2018 12:00:00 AM
MURDER & NON-NEGL. MANSLAUGHTER,28,09/01/2018 12:00:00 AM
MURDER & NON-NEGL. MANSLAUGHTER,27,10/01/2018 12:00:00 AM
MURDER & NON-NEGL. MANSLAUGHTER,22,11/01/2018 12:00:00 AM
MURDER & NON-NEGL. MANSLAUGHTER,28,12/01/2018 12:00:00 AM
MURDER & NON-NEGL. MANSLAUGHTER,24,01/01/2019 12:00:00 AM
MURDER & NON-NEGL. MANSLAUGHTER,22,02/01/2019 12:00:00 AM
MURDER & NON-NEGL. MANSLAUGHTER,16,03/01/2019 12:00:00 AM
MURDER & NON-NEGL. MANSLAUGHTER,20,04/01/2019 12:00:00 AM
MURDER & NON-NEGL. MANSLAUGHTER,17,05/01/2019 12:00:00 AM
MURDER & NON-NEGL. MANSLAUGHTER,29,06/01/2019 12:00:00 AM
MURDER & NON-NEGL. MANSLAUGHTER,34,07/01/2019 12:00:00 AM
MURDER & NON-NEGL. MANSLAUGHTER,34,08/01/2019 12:00:00 AM
MURDER & NON-NEGL. MANSLAUGHTER,30,09/01/2019 12:00:00 AM
MURDER & NON-NEGL. MANSLAUGHTER,34,10/01/2019 12:00:00 AM
MURDER & NON-NEGL. MANSLAUGHTER,24,11/01/2019 12:00:00 AM
MURDER & NON-NEGL. MANSLAUGHTER,17,12/01/2019 12:00:00 AM
NEW YORK CITY HEALTH CODE,2,01/01/2018 12:00:00 AM
NEW YORK CITY HEALTH CODE,1,08/01/2018 12:00:00 AM
NYS LAWS-UNCLASSIFIED FELONY,71,01/01/2018 12:00:00 AM
NYS LAWS-UNCLASSIFIED FELONY,60,02/01/2018 12:00:00 AM
NYS LAWS-UNCLASSIFIED FELONY,57,03/01/2018 12:00:00 AM
NYS LAWS-UNCLASSIFIED FELONY,73,04/01/2018 12:00:00 AM
NYS LAWS-UNCLASSIFIED FELONY,62,05/01/2018 12:00:00 AM
NYS LAWS-UNCLASSIFIED FELONY,39,06/01/2018 12:00:00 AM
NYS LAWS-UNCLASSIFIED FELONY,58,07/01/2018 12:00:00 AM
NYS LAWS-UNCLASSIFIED FELONY,57,08/01/2018 12:00:00 AM
NYS LAWS-UNCLASSIFIED FELONY,48,09/01/2018 12:00:00 AM
NYS LAWS-UNCLASSIFIED FELONY,74,10/01/2018 12:00:00 AM
NYS LAWS-UNCLASSIFIED FELONY,64,11/01/2018 12:00:00 AM
NYS LAWS-UNCLASSIFIED FELONY,123,12/01/2018 12:00:00 AM
NYS LAWS-UNCLASSIFIED FELONY,66,01/01/2019 12:00:00 AM
NYS LAWS-UNCLASSIFIED FELONY,59,02/01/2019 12:00:00 AM
NYS LAWS-UNCLASSIFIED FELONY,57,03/01/2019 12:00:00 AM
NYS LAWS-UNCLASSIFIED FELONY,51,04/01/2019 12:00:00 AM
NYS LAWS-UNCLASSIFIED FELONY,60,05/01/2019 12:00:00 AM
NYS LAWS-UNCLASSIFIED FELONY,57,06/01/2019 12:00:00 AM
NYS LAWS-UNCLASSIFIED FELONY,44,07/01/2019 12:00:00 AM
NYS LAWS-UNCLASSIFIED FELONY,58,08/01/2019 12:00:00 AM
NYS LAWS-UNCLASSIFIED FELONY,48,09/01/2019 12:00:00 AM
NYS LAWS-UNCLASSIFIED FELONY,64,10/01/2019 12:00:00 AM
NYS LAWS-UNCLASSIFIED FELONY,48,11/01/2019 12:00:00 AM
NYS LAWS-UNCLASSIFIED FELONY,37,12/01/2019 12:00:00 AM
NYS LAWS-UNCLASSIFIED VIOLATION,7,01/01/2018 12:00:00 AM
NYS LAWS-UNCLASSIFIED VIOLATION,1,04/01/2018 12:00:00 AM
NYS LAWS-UNCLASSIFIED VIOLATION,2,05/01/2018 12:00:00 AM
NYS LAWS-UNCLASSIFIED VIOLATION,1,06/01/2018 12:00:00 AM
NYS LAWS-UNCLASSIFIED VIOLATION,1,07/01/2018 12:00:00 AM
NYS LAWS-UNCLASSIFIED VIOLATION,2,08/01/2018 12:00:00 AM
NYS LAWS-UNCLASSIFIED VIOLATION,1,10/01/2018 12:00:00 AM
NYS LAWS-UNCLASSIFIED VIOLATION,1,11/01/2018 12:00:00 AM
NYS LAWS-UNCLASSIFIED VIOLATION,2,12/01/2018 12:00:00 AM
NYS LAWS-UNCLASSIFIED VIOLATION,1,01/01/2019 12:00:00 AM
NYS LAWS-UNCLASSIFIED VIOLATION,1,02/01/2019 12:00:00 AM
NYS LAWS-UNCLASSIFIED VIOLATION,2,03/01/2019 12:00:00 AM
NYS LAWS-UNCLASSIFIED VIOLATION,3,06/01/2019 12:00:00 AM
NYS LAWS-UNCLASSIFIED VIOLATION,2,07/01/2019 12:00:00 AM
NYS LAWS-UNCLASSIFIED VIOLATION,1,08/01/2019 12:00:00 AM
NYS LAWS-UNCLASSIFIED VIOLATION,1,11/01/2019 12:00:00 AM
OFF. AGNST PUB ORD SENSBLTY &,1778,01/01/2018 12:00:00 AM
OFF. AGNST PUB ORD SENSBLTY &,1552,02/01/2018 12:00:00 AM
OFF. AGNST PUB ORD SENSBLTY &,1738,03/01/2018 12:00:00 AM
OFF. AGNST PUB ORD SENSBLTY &,1839,04/01/2018 12:00:00 AM
OFF. AGNST PUB ORD SENSBLTY &,1851,05/01/2018 12:00:00 AM
OFF. AGNST PUB ORD SENSBLTY &,1791,06/01/2018 12:00:00 AM
OFF. AGNST PUB ORD SENSBLTY &,1885,07/01/2018 12:00:00 AM
OFF. AGNST PUB ORD SENSBLTY &,1790,08/01/2018 12:00:00 AM
OFF. AGNST PUB ORD SENSBLTY &,1761,09/01/2018 12:00:00 AM
OFF. AGNST PUB ORD SENSBLTY &,1857,10/01/2018 12:00:00 AM
OFF. AGNST PUB ORD SENSBLTY &,1756,11/01/2018 12:00:00 AM
OFF. AGNST PUB ORD SENSBLTY &,2085,12/01/2018 12:00:00 AM
OFF. AGNST PUB ORD SENSBLTY &,1663,01/01/2019 12:00:00 AM
OFF. AGNST PUB ORD SENSBLTY &,1543,02/01/2019 12:00:00 AM
OFF. AGNST PUB ORD SENSBLTY &,1659,03/01/2019 12:00:00 AM
OFF. AGNST PUB ORD SENSBLTY &,1722,04/01/2019 12:00:00 AM
OFF. AGNST PUB ORD SENSBLTY &,1729,05/01/2019 12:00:00 AM
OFF. AGNST PUB ORD SENSBLTY &,1680,06/01/2019 12:00:00 AM
OFF. AGNST PUB ORD SENSBLTY &,1612,07/01/2019 12:00:00 AM
OFF. AGNST PUB ORD SENSBLTY &,1702,08/01/2019 12:00:00 AM
OFF. AGNST PUB ORD SENSBLTY &,1636,09/01/2019 12:00:00 AM
OFF. AGNST PUB ORD SENSBLTY &,1475,10/01/2019 12:00:00 AM
OFF. AGNST PUB ORD SENSBLTY &,1430,11/01/2019 12:00:00 AM
OFF. AGNST PUB ORD SENSBLTY &,1348,12/01/2019 12:00:00 AM
OFFENSES AGAINST MARRIAGE UNCL,1,09/01/2019 12:00:00 AM
OFFENSES AGAINST PUBLIC ADMINI,633,01/01/2018 12:00:00 AM
OFFENSES AGAINST PUBLIC ADMINI,599,02/01/2018 12:00:00 AM
OFFENSES AGAINST PUBLIC ADMINI,652,03/01/2018 12:00:00 AM
OFFENSES AGAINST PUBLIC ADMINI,615,04/01/2018 12:00:00 AM
OFFENSES AGAINST PUBLIC ADMINI,677,05/01/2018 12:00:00 AM
OFFENSES AGAINST PUBLIC ADMINI,609,06/01/2018 12:00:00 AM
OFFENSES AGAINST PUBLIC ADMINI,680,07/01/2018 12:00:00 AM
OFFENSES AGAINST PUBLIC ADMINI,677,08/01/2018 12:00:00 AM
OFFENSES AGAINST PUBLIC ADMINI,669,09/01/2018 12:00:00 AM
OFFENSES AGAINST PUBLIC ADMINI,659,10/01/2018 12:00:00 AM
OFFENSES AGAINST PUBLIC ADMINI,595,11/01/2018 12:00:00 AM
OFFENSES AGAINST PUBLIC ADMINI,675,12/01/2018 12:00:00 AM
OFFENSES AGAINST PUBLIC ADMINI,608,01/01/2019 12:00:00 AM
OFFENSES AGAINST PUBLIC ADMINI,541,02/01/2019 12:00:00 AM
OFFENSES AGAINST PUBLIC ADMINI,632,03/01/2019 12:00:00 AM
OFFENSES AGAINST PUBLIC ADMINI,648,04/01/2019 12:00:00 AM
OFFENSES AGAINST PUBLIC ADMINI,650,05/01/2019 12:00:00 AM
OFFENSES AGAINST PUBLIC ADMINI,698,06/01/2019 12:00:00 AM
OFFENSES AGAINST PUBLIC ADMINI,682,07/01/2019 12:00:00 AM
OFFENSES AGAINST PUBLIC ADMINI,742,08/01/2019 12:00:00 AM
OFFENSES AGAINST PUBLIC ADMINI,653,09/01/2019 12:00:00 AM
OFFENSES AGAINST PUBLIC ADMINI,656,10/01/2019 12:00:00 AM
OFFENSES AGAINST PUBLIC ADMINI,562,11/01/2019 12:00:00 AM
OFFENSES AGAINST PUBLIC ADMINI,514,12/01/2019 12:00:00 AM
OFFENSES AGAINST PUBLIC SAFETY,5,02/01/2018 12:00:00 AM
OFFENSES AGAINST PUBLIC SAFETY,4,03/01/2018 12:00:00 AM
OFFENSES AGAINST PUBLIC SAFETY,4,04/01/2018 12:00:00 AM
OFFENSES AGAINST PUBLIC SAFETY,3,05/01/2018 12:00:00 AM
OFFENSES AGAINST PUBLIC SAFETY,6,06/01/2018 12:00:00 AM
OFFENSES AGAINST PUBLIC SAFETY,7,07/01/2018 12:00:00 AM
OFFENSES AGAINST PUBLIC SAFETY,1,08/01/2018 12:00:00 AM
OFFENSES AGAINST PUBLIC SAFETY,3,10/01/2018 12:00:00 AM
OFFENSES AGAINST PUBLIC SAFETY,3,11/01/2018 12:00:00 AM
OFFENSES AGAINST PUBLIC SAFETY,5,12/01/2018 12:00:00 AM
OFFENSES AGAINST PUBLIC SAFETY,3,01/01/2019 12:00:00 AM
OFFENSES AGAINST PUBLIC SAFETY,6,02/01/2019 12:00:00 AM
OFFENSES AGAINST PUBLIC SAFETY,4,03/01/2019 12:00:00 AM
OFFENSES AGAINST PUBLIC SAFETY,2,04/01/2019 12:00:00 AM
OFFENSES AGAINST PUBLIC SAFETY,3,05/01/2019 12:00:00 AM
OFFENSES AGAINST PUBLIC SAFETY,3,06/01/2019 12:00:00 AM
OFFENSES AGAINST PUBLIC SAFETY,14,07/01/2019 12:00:00 AM
OFFENSES AGAINST PUBLIC SAFETY,8,08/01/2019 12:00:00 AM
OFFENSES AGAINST PUBLIC SAFETY,2,09/01/2019 12:00:00 AM
OFFENSES AGAINST PUBLIC SAFETY,6,10/01/2019 12:00:00 AM
OFFENSES AGAINST PUBLIC SAFETY,1,11/01/2019 12:00:00 AM
OFFENSES AGAINST PUBLIC SAFETY,4,12/01/2019 12:00:00 AM
OFFENSES AGAINST THE PERSON,96,01/01/2018 12:00:00 AM
OFFENSES AGAINST THE PERSON,83,02/01/2018 12:00:00 AM
OFFENSES AGAINST THE PERSON,73,03/01/2018 12:00:00 AM
OFFENSES AGAINST THE PERSON,107,04/01/2018 12:00:00 AM
OFFENSES AGAINST THE PERSON,97,05/01/2018 12:00:00 AM
OFFENSES AGAINST THE PERSON,113,06/01/2018 12:00:00 AM
OFFENSES AGAINST THE PERSON,128,07/01/2018 12:00:00 AM
OFFENSES AGAINST THE PERSON,110,08/01/2018 12:00:00 AM
OFFENSES AGAINST THE PERSON,98,09/01/2018 12:00:00 AM
OFFENSES AGAINST THE PERSON,91,10/01/2018 12:00:00 AM
OFFENSES AGAINST THE PERSON,84,11/01/2018 12:00:00 AM
OFFENSES AGAINST THE PERSON,127,12/01/2018 12:00:00 AM
OFFENSES AGAINST THE PERSON,86,01/01/2019 12:00:00 AM
OFFENSES AGAINST THE PERSON,87,02/01/2019 12:00:00 AM
OFFENSES AGAINST THE PERSON,108,03/01/2019 12:00:00 AM
OFFENSES AGAINST THE PERSON,125,04/01/2019 12:00:00 AM
OFFENSES AGAINST THE PERSON,119,05/01/2019 12:00:00 AM
OFFENSES AGAINST THE PERSON,125,06/01/2019 12:00:00 AM
OFFENSES AGAINST THE PERSON,149,07/01/2019 12:00:00 AM
OFFENSES AGAINST THE PERSON,106,08/01/2019 12:00:00 AM
OFFENSES AGAINST THE PERSON,113,09/01/2019 12:00:00 AM
OFFENSES AGAINST THE PERSON,91,10/01/2019 12:00:00 AM
OFFENSES AGAINST THE PERSON,73,11/01/2019 12:00:00 AM
OFFENSES AGAINST THE PERSON,69,12/01/2019 12:00:00 AM
OFFENSES INVOLVING FRAUD,132,01/01/2018 12:00:00 AM
OFFENSES INVOLVING FRAUD,91,02/01/2018 12:00:00 AM
OFFENSES INVOLVING FRAUD,110,03/01/2018 12:00:00 AM
OFFENSES INVOLVING FRAUD,90,04/01/2018 12:00:00 AM
OFFENSES INVOLVING FRAUD,80,05/01/2018 12:00:00 AM
OFFENSES INVOLVING FRAUD,82,06/01/2018 12:00:00 AM
OFFENSES INVOLVING FRAUD,100,07/01/2018 12:00:00 AM
OFFENSES INVOLVING FRAUD,119,08/01/2018 12:00:00 AM
OFFENSES INVOLVING FRAUD,98,09/01/2018 12:00:00 AM
OFFENSES INVOLVING FRAUD,99,10/01/2018 12:00:00 AM
OFFENSES INVOLVING FRAUD,90,11/01/2018 12:00:00 AM
OFFENSES INVOLVING FRAUD,77,12/01/2018 12:00:00 AM
OFFENSES INVOLVING FRAUD,124,01/01/2019 12:00:00 AM
OFFENSES INVOLVING FRAUD,110,02/01/2019 12:00:00 AM
OFFENSES INVOLVING FRAUD,116,03/01/2019 12:00:00 AM
OFFENSES INVOLVING FRAUD,91,04/01/2019 12:00:00 AM
OFFENSES INVOLVING FRAUD,81,05/01/2019 12:00:00 AM
OFFENSES INVOLVING FRAUD,76,06/01/2019 12:00:00 AM
OFFENSES INVOLVING FRAUD,80,07/01/2019 12:00:00 AM
OFFENSES INVOLVING FRAUD,57,08/01/2019 12:00:00 AM
OFFENSES INVOLVING FRAUD,60,09/01/2019 12:00:00 AM
OFFENSES INVOLVING FRAUD,81,10/01/2019 12:00:00 AM
OFFENSES INVOLVING FRAUD,54,11/01/2019 12:00:00 AM
OFFENSES INVOLVING FRAUD,50,12/01/2019 12:00:00 AM
OFFENSES RELATED TO CHILDREN,12,01/01/2018 12:00:00 AM
OFFENSES RELATED TO CHILDREN,11,02/01/2018 12:00:00 AM
OFFENSES RELATED TO CHILDREN,8,03/01/2018 12:00:00 AM
OFFENSES RELATED TO CHILDREN,4,04/01/2018 12:00:00 AM
OFFENSES RELATED TO CHILDREN,3,05/01/2018 12:00:00 AM
OFFENSES RELATED TO CHILDREN,6,06/01/2018 12:00:00 AM
OFFENSES RELATED TO CHILDREN,11,07/01/2018 12:00:00 AM
OFFENSES RELATED TO CHILDREN,7,08/01/2018 12:00:00 AM
OFFENSES RELATED TO CHILDREN,3,09/01/2018 12:00:00 AM
OFFENSES RELATED TO CHILDREN,13,10/01/2018 12:00:00 AM
OFFENSES RELATED TO CHILDREN,11,11/01/2018 12:00:00 AM
OFFENSES RELATED TO CHILDREN,7,12/01/2018 12:00:00 AM
OFFENSES RELATED TO CHILDREN,13,01/01/2019 12:00:00 AM
OFFENSES RELATED TO CHILDREN,7,02/01/2019 12:00:00 AM
OFFENSES RELATED TO CHILDREN,2,03/01/2019 12:00:00 AM
OFFENSES RELATED TO CHILDREN,4,04/01/2019 12:00:00 AM
OFFENSES RELATED TO CHILDREN,6,05/01/2019 12:00:00 AM
OFFENSES RELATED TO CHILDREN,4,06/01/2019 12:00:00 AM
OFFENSES RELATED TO CHILDREN,6,07/01/2019 12:00:00 AM
OFFENSES RELATED TO CHILDREN,4,08/01/2019 12:00:00 AM
OFFENSES RELATED TO CHILDREN,1,09/01/2019 12:00:00 AM
OFFENSES RELATED TO CHILDREN,9,10/01/2019 12:00:00 AM
OFFENSES RELATED TO CHILDREN,4,11/01/2019 12:00:00 AM
OFFENSES RELATED TO CHILDREN,1,12/01/2019 12:00:00 AM
OTHER OFFENSES RELATED TO THEF,121,01/01/2018 12:00:00 AM
OTHER OFFENSES RELATED TO THEF,119,02/01/2018 12:00:00 AM
OTHER OFFENSES RELATED TO THEF,108,03/01/2018 12:00:00 AM
OTHER OFFENSES RELATED TO THEF,112,04/01/2018 12:00:00 AM
OTHER OFFENSES RELATED TO THEF,117,05/01/2018 12:00:00 AM
OTHER OFFENSES RELATED TO THEF,103,06/01/2018 12:00:00 AM
OTHER OFFENSES RELATED TO THEF,135,07/01/2018 12:00:00 AM
OTHER OFFENSES RELATED TO THEF,137,08/01/2018 12:00:00 AM
OTHER OFFENSES RELATED TO THEF,108,09/01/2018 12:00:00 AM
OTHER OFFENSES RELATED TO THEF,105,10/01/2018 12:00:00 AM
OTHER OFFENSES RELATED TO THEF,101,11/01/2018 12:00:00 AM
OTHER OFFENSES RELATED TO THEF,108,12/01/2018 12:00:00 AM
OTHER OFFENSES RELATED TO THEF,111,01/01/2019 12:00:00 AM
OTHER OFFENSES RELATED TO THEF,113,02/01/2019 12:00:00 AM
OTHER OFFENSES RELATED TO THEF,135,03/01/2019 12:00:00 AM
OTHER OFFENSES RELATED TO THEF,98,04/01/2019 12:00:00 AM
OTHER OFFENSES RELATED TO THEF,97,05/01/2019 12:00:00 AM
OTHER OFFENSES RELATED TO THEF,125,06/01/2019 12:00:00 AM
OTHER OFFENSES RELATED TO THEF,110,07/01/2019 12:00:00 AM
OTHER OFFENSES RELATED TO THEF,112,08/01/2019 12:00:00 AM
OTHER OFFENSES RELATED TO THEF,94,09/01/2019 12:00:00 AM
OTHER OFFENSES RELATED TO THEF,90,10/01/2019 12:00:00 AM
OTHER OFFENSES RELATED TO THEF,103,11/01/2019 12:00:00 AM
OTHER OFFENSES RELATED TO THEF,98,12/01/2019 12:00:00 AM
OTHER STATE LAWS,2,02/01/2018 12:00:00 AM
OTHER STATE LAWS,2,03/01/2018 12:00:00 AM
OTHER STATE LAWS,1,05/01/2018 12:00:00 AM
OTHER STATE LAWS,1,06/01/2018 12:00:00 AM
OTHER STATE LAWS,3,07/01/2018 12:00:00 AM
OTHER STATE LAWS,1,08/01/2018 12:00:00 AM
OTHER STATE LAWS,1,12/01/2018 12:00:00 AM
OTHER STATE LAWS,3,01/01/2019 12:00:00 AM
OTHER STATE LAWS,1,02/01/2019 12:00:00 AM
OTHER STATE LAWS,1,03/01/2019 12:00:00 AM
OTHER STATE LAWS,2,07/01/2019 12:00:00 AM
OTHER STATE LAWS,1,09/01/2019 12:00:00 AM
OTHER STATE LAWS,1,10/01/2019 12:00:00 AM
OTHER STATE LAWS,1,11/01/2019 12:00:00 AM
OTHER STATE LAWS,1,12/01/2019 12:00:00 AM
OTHER STATE LAWS (NON PENAL LA,24,01/01/2018 12:00:00 AM
OTHER STATE LAWS (NON PENAL LA,19,02/01/2018 12:00:00 AM
OTHER STATE LAWS (NON PENAL LA,32,03/01/2018 12:00:00 AM
OTHER STATE LAWS (NON PENAL LA,26,04/01/2018 12:00:00 AM
OTHER STATE LAWS (NON PENAL LA,36,05/01/2018 12:00:00 AM
OTHER STATE LAWS (NON PENAL LA,24,06/01/2018 12:00:00 AM
OTHER STATE LAWS (NON PENAL LA,21,07/01/2018 12:00:00 AM
OTHER STATE LAWS (NON PENAL LA,21,08/01/2018 12:00:00 AM
OTHER STATE LAWS (NON PENAL LA,30,09/01/2018 12:00:00 AM
OTHER STATE LAWS (NON PENAL LA,26,10/01/2018 12:00:00 AM
OTHER STATE LAWS (NON PENAL LA,23,11/01/2018 12:00:00 AM
OTHER STATE LAWS (NON PENAL LA,19,12/01/2018 12:00:00 AM
OTHER STATE LAWS (NON PENAL LA,33,01/01/2019 12:00:00 AM
OTHER STATE LAWS (NON PENAL LA,18,02/01/2019 12:00:00 AM
OTHER STATE LAWS (NON PENAL LA,22,03/01/2019 12:00:00 AM
OTHER STATE LAWS (NON PENAL LA,20,04/01/2019 12:00:00 AM
OTHER STATE LAWS (NON PENAL LA,25,05/01/2019 12:00:00 AM
OTHER STATE LAWS (NON PENAL LA,23,06/01/2019 12:00:00 AM
OTHER STATE LAWS (NON PENAL LA,24,07/01/2019 12:00:00 AM
OTHER STATE LAWS (NON PENAL LA,14,08/01/2019 12:00:00 AM
OTHER STATE LAWS (NON PENAL LA,17,09/01/2019 12:00:00 AM
OTHER STATE LAWS (NON PENAL LA,24,10/01/2019 12:00:00 AM
OTHER STATE LAWS (NON PENAL LA,20,11/01/2019 12:00:00 AM
OTHER STATE LAWS (NON PENAL LA,10,12/01/2019 12:00:00 AM
OTHER STATE LAWS (NON PENAL LAW),1,01/01/2019 12:00:00 AM
OTHER TRAFFIC INFRACTION,1,01/01/2019 12:00:00 AM
PETIT LARCENY,6641,01/01/2018 12:00:00 AM
PETIT LARCENY,6263,02/01/2018 12:00:00 AM
PETIT LARCENY,6676,03/01/2018 12:00:00 AM
PETIT LARCENY,6907,04/01/2018 12:00:00 AM
PETIT LARCENY,7360,05/01/2018 12:00:00 AM
PETIT LARCENY,7516,06/01/2018 12:00:00 AM
PETIT LARCENY,8072,07/01/2018 12:00:00 AM
PETIT LARCENY,8226,08/01/2018 12:00:00 AM
PETIT LARCENY,7426,09/01/2018 12:00:00 AM
PETIT LARCENY,7677,10/01/2018 12:00:00 AM
PETIT LARCENY,7609,11/01/2018 12:00:00 AM
PETIT LARCENY,8864,12/01/2018 12:00:00 AM
PETIT LARCENY,6626,01/01/2019 12:00:00 AM
PETIT LARCENY,5883,02/01/2019 12:00:00 AM
PETIT LARCENY,6523,03/01/2019 12:00:00 AM
PETIT LARCENY,6803,04/01/2019 12:00:00 AM
PETIT LARCENY,7307,05/01/2019 12:00:00 AM
PETIT LARCENY,7571,06/01/2019 12:00:00 AM
PETIT LARCENY,8491,07/01/2019 12:00:00 AM
PETIT LARCENY,8175,08/01/2019 12:00:00 AM
PETIT LARCENY,8208,09/01/2019 12:00:00 AM
PETIT LARCENY,8011,10/01/2019 12:00:00 AM
PETIT LARCENY,7271,11/01/2019 12:00:00 AM
PETIT LARCENY,8112,12/01/2019 12:00:00 AM
PETIT LARCENY OF MOTOR VEHICLE,2,01/01/2018 12:00:00 AM
PETIT LARCENY OF MOTOR VEHICLE,3,02/01/2018 12:00:00 AM
PETIT LARCENY OF MOTOR VEHICLE,2,03/01/2018 12:00:00 AM
PETIT LARCENY OF MOTOR VEHICLE,9,04/01/2018 12:00:00 AM
PETIT LARCENY OF MOTOR VEHICLE,12,05/01/2018 12:00:00 AM
PETIT LARCENY OF MOTOR VEHICLE,5,06/01/2018 12:00:00 AM
PETIT LARCENY OF MOTOR VEHICLE,9,07/01/2018 12:00:00 AM
PETIT LARCENY OF MOTOR VEHICLE,17,08/01/2018 12:00:00 AM
PETIT LARCENY OF MOTOR VEHICLE,10,09/01/2018 12:00:00 AM
PETIT LARCENY OF MOTOR VEHICLE,5,10/01/2018 12:00:00 AM
PETIT LARCENY OF MOTOR VEHICLE,8,11/01/2018 12:00:00 AM
PETIT LARCENY OF MOTOR VEHICLE,3,12/01/2018 12:00:00 AM
PETIT LARCENY OF MOTOR VEHICLE,2,01/01/2019 12:00:00 AM
PETIT LARCENY OF MOTOR VEHICLE,4,02/01/2019 12:00:00 AM
PETIT LARCENY OF MOTOR VEHICLE,2,03/01/2019 12:00:00 AM
PETIT LARCENY OF MOTOR VEHICLE,9,04/01/2019 12:00:00 AM
PETIT LARCENY OF MOTOR VEHICLE,8,05/01/2019 12:00:00 AM
PETIT LARCENY OF MOTOR VEHICLE,11,06/01/2019 12:00:00 AM
PETIT LARCENY OF MOTOR VEHICLE,12,07/01/2019 12:00:00 AM
PETIT LARCENY OF MOTOR VEHICLE,10,08/01/2019 12:00:00 AM
PETIT LARCENY OF MOTOR VEHICLE,11,09/01/2019 12:00:00 AM
PETIT LARCENY OF MOTOR VEHICLE,9,10/01/2019 12:00:00 AM
PETIT LARCENY OF MOTOR VEHICLE,5,11/01/2019 12:00:00 AM
PETIT LARCENY OF MOTOR VEHICLE,2,12/01/2019 12:00:00 AM
POSSESSION OF STOLEN PROPERTY,149,01/01/2018 12:00:00 AM
POSSESSION OF STOLEN PROPERTY,138,02/01/2018 12:00:00 AM
POSSESSION OF STOLEN PROPERTY,151,03/01/2018 12:00:00 AM
POSSESSION OF STOLEN PROPERTY,125,04/01/2018 12:00:00 AM
POSSESSION OF STOLEN PROPERTY,180,05/01/2018 12:00:00 AM
POSSESSION OF STOLEN PROPERTY,164,06/01/2018 12:00:00 AM
POSSESSION OF STOLEN PROPERTY,174,07/01/2018 12:00:00 AM
POSSESSION OF STOLEN PROPERTY,181,08/01/2018 12:00:00 AM
POSSESSION OF STOLEN PROPERTY,152,09/01/2018 12:00:00 AM
POSSESSION OF STOLEN PROPERTY,174,10/01/2018 12:00:00 AM
POSSESSION OF STOLEN PROPERTY,104,11/01/2018 12:00:00 AM
POSSESSION OF STOLEN PROPERTY,104,12/01/2018 12:00:00 AM
POSSESSION OF STOLEN PROPERTY,111,01/01/2019 12:00:00 AM
POSSESSION OF STOLEN PROPERTY,119,02/01/2019 12:00:00 AM
POSSESSION OF STOLEN PROPERTY,112,03/01/2019 12:00:00 AM
POSSESSION OF STOLEN PROPERTY,117,04/01/2019 12:00:00 AM
POSSESSION OF STOLEN PROPERTY,116,05/01/2019 12:00:00 AM
POSSESSION OF STOLEN PROPERTY,119,06/01/2019 12:00:00 AM
POSSESSION OF STOLEN PROPERTY,144,07/01/2019 12:00:00 AM
POSSESSION OF STOLEN PROPERTY,124,08/01/2019 12:00:00 AM
POSSESSION OF STOLEN PROPERTY,122,09/01/2019 12:00:00 AM
POSSESSION OF STOLEN PROPERTY,119,10/01/2019 12:00:00 AM
POSSESSION OF STOLEN PROPERTY,111,11/01/2019 12:00:00 AM
POSSESSION OF STOLEN PROPERTY,89,12/01/2019 12:00:00 AM
PROSTITUTION & RELATED OFFENSES,7,01/01/2018 12:00:00 AM
PROSTITUTION & RELATED OFFENSES,9,02/01/2018 12:00:00 AM
PROSTITUTION & RELATED OFFENSES,10,03/01/2018 12:00:00 AM
PROSTITUTION & RELATED OFFENSES,4,04/01/2018 12:00:00 AM
PROSTITUTION & RELATED OFFENSES,3,05/01/2018 12:00:00 AM
PROSTITUTION & RELATED OFFENSES,17,06/01/2018 12:00:00 AM
PROSTITUTION & RELATED OFFENSES,3,07/01/2018 12:00:00 AM
PROSTITUTION & RELATED OFFENSES,10,08/01/2018 12:00:00 AM
PROSTITUTION & RELATED OFFENSES,5,09/01/2018 12:00:00 AM
PROSTITUTION & RELATED OFFENSES,13,10/01/2018 12:00:00 AM
PROSTITUTION & RELATED OFFENSES,1,11/01/2018 12:00:00 AM
PROSTITUTION & RELATED OFFENSES,19,12/01/2018 12:00:00 AM
PROSTITUTION & RELATED OFFENSES,2,01/01/2019 12:00:00 AM
PROSTITUTION & RELATED OFFENSES,4,02/01/2019 12:00:00 AM
PROSTITUTION & RELATED OFFENSES,9,03/01/2019 12:00:00 AM
PROSTITUTION & RELATED OFFENSES,1,04/01/2019 12:00:00 AM
PROSTITUTION & RELATED OFFENSES,2,05/01/2019 12:00:00 AM
PROSTITUTION & RELATED OFFENSES,6,06/01/2019 12:00:00 AM
PROSTITUTION & RELATED OFFENSES,6,07/01/2019 12:00:00 AM
PROSTITUTION & RELATED OFFENSES,5,08/01/2019 12:00:00 AM
PROSTITUTION & RELATED OFFENSES,13,09/01/2019 12:00:00 AM
PROSTITUTION & RELATED OFFENSES,4,10/01/2019 12:00:00 AM
PROSTITUTION & RELATED OFFENSES,4,11/01/2019 12:00:00 AM
PROSTITUTION & RELATED OFFENSES,1,12/01/2019 12:00:00 AM
RAPE,110,01/01/2018 12:00:00 AM
RAPE,113,02/01/2018 12:00:00 AM
RAPE,132,03/01/2018 12:00:00 AM
RAPE,138,04/01/2018 12:00:00 AM
RAPE,182,05/01/2018 12:00:00 AM
RAPE,160,06/01/2018 12:00:00 AM
RAPE,160,07/01/2018 12:00:00 AM
RAPE,172,08/01/2018 12:00:00 AM
RAPE,152,09/01/2018 12:00:00 AM
RAPE,160,10/01/2018 12:00:00 AM
RAPE,161,11/01/2018 12:00:00 AM
RAPE,203,12/01/2018 12:00:00 AM
RAPE,124,01/01/2019 12:00:00 AM
RAPE,107,02/01/2019 12:00:00 AM
RAPE,123,03/01/2019 12:00:00 AM
RAPE,136,04/01/2019 12:00:00 AM
RAPE,119,05/01/2019 12:00:00 AM
RAPE,130,06/01/2019 12:00:00 AM
RAPE,150,07/01/2019 12:00:00 AM
RAPE,138,08/01/2019 12:00:00 AM
RAPE,146,09/01/2019 12:00:00 AM
RAPE,109,10/01/2019 12:00:00 AM
RAPE,113,11/01/2019 12:00:00 AM
RAPE,82,12/01/2019 12:00:00 AM
ROBBERY,1162,01/01/2018 12:00:00 AM
ROBBERY,939,02/01/2018 12:00:00 AM
ROBBERY,938,03/01/2018 12:00:00 AM
ROBBERY,915,04/01/2018 12:00:00 AM
ROBBERY,1186,05/01/2018 12:00:00 AM
ROBBERY,1105,06/01/2018 12:00:00 AM
ROBBERY,1116,07/01/2018 12:00:00 AM
ROBBERY,1138,08/01/2018 12:00:00 AM
ROBBERY,1153,09/01/2018 12:00:00 AM
ROBBERY,1173,10/01/2018 12:00:00 AM
ROBBERY,1058,11/01/2018 12:00:00 AM
ROBBERY,1106,12/01/2018 12:00:00 AM
ROBBERY,939,01/01/2019 12:00:00 AM
ROBBERY,892,02/01/2019 12:00:00 AM
ROBBERY,893,03/01/2019 12:00:00 AM
ROBBERY,910,04/01/2019 12:00:00 AM
ROBBERY,1088,05/01/2019 12:00:00 AM
ROBBERY,1149,06/01/2019 12:00:00 AM
ROBBERY,1185,07/01/2019 12:00:00 AM
ROBBERY,1233,08/01/2019 12:00:00 AM
ROBBERY,1331,09/01/2019 12:00:00 AM
ROBBERY,1362,10/01/2019 12:00:00 AM
ROBBERY,1155,11/01/2019 12:00:00 AM
ROBBERY,1205,12/01/2019 12:00:00 AM
SEX CRIMES,617,01/01/2018 12:00:00 AM
SEX CRIMES,500,02/01/2018 12:00:00 AM
SEX CRIMES,521,03/01/2018 12:00:00 AM
SEX CRIMES,609,04/01/2018 12:00:00 AM
SEX CRIMES,713,05/01/2018 12:00:00 AM
SEX CRIMES,709,06/01/2018 12:00:00 AM
SEX CRIMES,741,07/01/2018 12:00:00 AM
SEX CRIMES,668,08/01/2018 12:00:00 AM
SEX CRIMES,674,09/01/2018 12:00:00 AM
SEX CRIMES,703,10/01/2018 12:00:00 AM
SEX CRIMES,621,11/01/2018 12:00:00 AM
SEX CRIMES,700,12/01/2018 12:00:00 AM
SEX CRIMES,556,01/01/2019 12:00:00 AM
SEX CRIMES,487,02/01/2019 12:00:00 AM
SEX CRIMES,536,03/01/2019 12:00:00 AM
SEX CRIMES,561,04/01/2019 12:00:00 AM
SEX CRIMES,616,05/01/2019 12:00:00 AM
SEX CRIMES,605,06/01/2019 12:00:00 AM
SEX CRIMES,603,07/01/2019 12:00:00 AM
SEX CRIMES,566,08/01/2019 12:00:00 AM
SEX CRIMES,554,09/01/2019 12:00:00 AM
SEX CRIMES,522,10/01/2019 12:00:00 AM
SEX CRIMES,511,11/01/2019 12:00:00 AM
SEX CRIMES,466,12/01/2019 12:00:00 AM
THEFT-FRAUD,410,01/01/2018 12:00:00 AM
THEFT-FRAUD,397,02/01/2018 12:00:00 AM
THEFT-FRAUD,357,03/01/2018 12:00:00 AM
THEFT-FRAUD,369,04/01/2018 12:00:00 AM
THEFT-FRAUD,376,05/01/2018 12:00:00 AM
THEFT-FRAUD,328,06/01/2018 12:00:00 AM
THEFT-FRAUD,327,07/01/2018 12:00:00 AM
THEFT-FRAUD,371,08/01/2018 12:00:00 AM
THEFT-FRAUD,315,09/01/2018 12:00:00 AM
THEFT-FRAUD,456,10/01/2018 12:00:00 AM
THEFT-FRAUD,437,11/01/2018 12:00:00 AM
THEFT-FRAUD,720,12/01/2018 12:00:00 AM
THEFT-FRAUD,353,01/01/2019 12:00:00 AM
THEFT-FRAUD,281,02/01/2019 12:00:00 AM
THEFT-FRAUD,335,03/01/2019 12:00:00 AM
THEFT-FRAUD,289,04/01/2019 12:00:00 AM
THEFT-FRAUD,285,05/01/2019 12:00:00 AM
THEFT-FRAUD,263,06/01/2019 12:00:00 AM
THEFT-FRAUD,308,07/01/2019 12:00:00 AM
THEFT-FRAUD,319,08/01/2019 12:00:00 AM
THEFT-FRAUD,278,09/01/2019 12:00:00 AM
THEFT-FRAUD,282,10/01/2019 12:00:00 AM
THEFT-FRAUD,292,11/01/2019 12:00:00 AM
THEFT-FRAUD,292,12/01/2019 12:00:00 AM
THEFT OF SERVICES,29,01/01/2018 12:00:00 AM
THEFT OF SERVICES,41,02/01/2018 12:00:00 AM
THEFT OF SERVICES,26,03/01/2018 12:00:00 AM
THEFT OF SERVICES,41,04/01/2018 12:00:00 AM
THEFT OF SERVICES,31,05/01/2018 12:00:00 AM
THEFT OF SERVICES,23,06/01/2018 12:00:00 AM
THEFT OF SERVICES,25,07/01/2018 12:00:00 AM
THEFT OF SERVICES,58,08/01/2018 12:00:00 AM
THEFT OF SERVICES,54,09/01/2018 12:00:00 AM
THEFT OF SERVICES,62,10/01/2018 12:00:00 AM
THEFT OF SERVICES,29,11/01/2018 12:00:00 AM
THEFT OF SERVICES,65,12/01/2018 12:00:00 AM
THEFT OF SERVICES,17,01/01/2019 12:00:00 AM
THEFT OF SERVICES,23,02/01/2019 12:00:00 AM
THEFT OF SERVICES,29,03/01/2019 12:00:00 AM
THEFT OF SERVICES,25,04/01/2019 12:00:00 AM
THEFT OF SERVICES,42,05/01/2019 12:00:00 AM
THEFT OF SERVICES,28,06/01/2019 12:00:00 AM
THEFT OF SERVICES,27,07/01/2019 12:00:00 AM
THEFT OF SERVICES,24,08/01/2019 12:00:00 AM
THEFT OF SERVICES,46,09/01/2019 12:00:00 AM
THEFT OF SERVICES,56,10/01/2019 12:00:00 AM
THEFT OF SERVICES,26,11/01/2019 12:00:00 AM
THEFT OF SERVICES,50,12/01/2019 12:00:00 AM
UNAUTHORIZED USE OF A VEHICLE,130,01/01/2018 12:00:00 AM
UNAUTHORIZED USE OF A VEHICLE,128,02/01/2018 12:00:00 AM
UNAUTHORIZED USE OF A VEHICLE,127,03/01/2018 12:00:00 AM
UNAUTHORIZED USE OF A VEHICLE,117,04/01/2018 12:00:00 AM
UNAUTHORIZED USE OF A VEHICLE,155,05/01/2018 12:00:00 AM
UNAUTHORIZED USE OF A VEHICLE,158,06/01/2018 12:00:00 AM
UNAUTHORIZED USE OF A VEHICLE,168,07/01/2018 12:00:00 AM
UNAUTHORIZED USE OF A VEHICLE,161,08/01/2018 12:00:00 AM
UNAUTHORIZED USE OF A VEHICLE,148,09/01/2018 12:00:00 AM
UNAUTHORIZED USE OF A VEHICLE,157,10/01/2018 12:00:00 AM
UNAUTHORIZED USE OF A VEHICLE,138,11/01/2018 12:00:00 AM
UNAUTHORIZED USE OF A VEHICLE,205,12/01/2018 12:00:00 AM
UNAUTHORIZED USE OF A VEHICLE,129,01/01/2019 12:00:00 AM
UNAUTHORIZED USE OF A VEHICLE,105,02/01/2019 12:00:00 AM
UNAUTHORIZED USE OF A VEHICLE,120,03/01/2019 12:00:00 AM
UNAUTHORIZED USE OF A VEHICLE,116,04/01/2019 12:00:00 AM
UNAUTHORIZED USE OF A VEHICLE,115,05/01/2019 12:00:00 AM
UNAUTHORIZED USE OF A VEHICLE,156,06/01/2019 12:00:00 AM
UNAUTHORIZED USE OF A VEHICLE,159,07/01/2019 12:00:00 AM
UNAUTHORIZED USE OF A VEHICLE,177,08/01/2019 12:00:00 AM
UNAUTHORIZED USE OF A VEHICLE,126,09/01/2019 12:00:00 AM
UNAUTHORIZED USE OF A VEHICLE,127,10/01/2019 12:00:00 AM
UNAUTHORIZED USE OF A VEHICLE,145,11/01/2019 12:00:00 AM
UNAUTHORIZED USE OF A VEHICLE,121,12/01/2019 12:00:00 AM
UNLAWFUL POSS. WEAP. ON SCHOOL,2,10/01/2018 12:00:00 AM
UNLAWFUL POSS. WEAP. ON SCHOOL,2,02/01/2019 12:00:00 AM
UNLAWFUL POSS. WEAP. ON SCHOOL,1,05/01/2019 12:00:00 AM
VEHICLE AND TRAFFIC LAWS,543,01/01/2018 12:00:00 AM
VEHICLE AND TRAFFIC LAWS,503,02/01/2018 12:00:00 AM
VEHICLE AND TRAFFIC LAWS,527,03/01/2018 12:00:00 AM
VEHICLE AND TRAFFIC LAWS,483,04/01/2018 12:00:00 AM
VEHICLE AND TRAFFIC LAWS,626,05/01/2018 12:00:00 AM
VEHICLE AND TRAFFIC LAWS,557,06/01/2018 12:00:00 AM
VEHICLE AND TRAFFIC LAWS,579,07/01/2018 12:00:00 AM
VEHICLE AND TRAFFIC LAWS,588,08/01/2018 12:00:00 AM
VEHICLE AND TRAFFIC LAWS,598,09/01/2018 12:00:00 AM
VEHICLE AND TRAFFIC LAWS,594,10/01/2018 12:00:00 AM
VEHICLE AND TRAFFIC LAWS,530,11/01/2018 12:00:00 AM
VEHICLE AND TRAFFIC LAWS,645,12/01/2018 12:00:00 AM
VEHICLE AND TRAFFIC LAWS,541,01/01/2019 12:00:00 AM
VEHICLE AND TRAFFIC LAWS,474,02/01/2019 12:00:00 AM
VEHICLE AND TRAFFIC LAWS,510,03/01/2019 12:00:00 AM
VEHICLE AND TRAFFIC LAWS,509,04/01/2019 12:00:00 AM
VEHICLE AND TRAFFIC LAWS,624,05/01/2019 12:00:00 AM
VEHICLE AND TRAFFIC LAWS,535,06/01/2019 12:00:00 AM
VEHICLE AND TRAFFIC LAWS,610,07/01/2019 12:00:00 AM
VEHICLE AND TRAFFIC LAWS,581,08/01/2019 12:00:00 AM
VEHICLE AND TRAFFIC LAWS,602,09/01/2019 12:00:00 AM
VEHICLE AND TRAFFIC LAWS,621,10/01/2019 12:00:00 AM
VEHICLE AND TRAFFIC LAWS,541,11/01/2019 12:00:00 AM
VEHICLE AND TRAFFIC LAWS,603,12/01/2019 12:00:00 AM
,2,02/01/2018 12:00:00 AM
,1,04/01/2018 12:00:00 AM
,1,06/01/2018 12:00:00 AM
,2,08/01/2018 12:00:00 AM
,3,09/01/2018 12:00:00 AM
,3,10/01/2018 12:00:00 AM
,6,12/01/2018 12:00:00 AM
,1,01/01/2019 12:00:00 AM
,3,02/01/2019 12:00:00 AM
,1,04/01/2019 12:00:00 AM
,1,08/01/2019 12:00:00 AM
,1,10/01/2019 12:00:00 AM
,1,11/01/2019 12:00:00 AM
